Symbol,Identifier,Company,ISIN,Sector,Processed_Company
BAJFINANCE,BAJFINANCEEQN,Bajaj Finance Limited,INE296A01024,NIFTY 50,bajaj finance
ASIANPAINT,ASIANPAINTEQN,Asian Paints Limited,INE021A01026,NIFTY 50,asian paints
JSWSTEEL,JSWSTEELEQN,JSW Steel Limited,INE019A04024,NIFTY 50,jsw steel
LTIM,LTIMEQN,LTIMindtree Limited,INE214T01019,NIFTY 50,ltimindtree
NESTLEIND,NESTLEINDEQN,Nestle India Limited,INE239A01024,NIFTY 50,nestle india
SUNPHARMA,SUNPHARMAEQN,Sun Pharmaceutical Industries Limited,INE044A04014,NIFTY 50,sun pharmaceutical industries
DIVISLAB,DIVISLABEQN,Divi's Laboratories Limited,INE361B01024,NIFTY 50,divis laboratories
HINDUNILVR,HINDUNILVREQN,Hindustan Unilever Limited,INE030A01027,NIFTY 50,hindustan unilever
HEROMOTOCO,HEROMOTOCOEQN,Hero MotoCorp Limited,INE158A01026,NIFTY 50,hero motocorp
BAJAJ-AUTO,BAJAJ-AUTOEQN,Bajaj Auto Limited,INE917I01010,NIFTY 50,bajaj auto
BRITANNIA,BRITANNIAEQN,Britannia Industries Limited,INE216A07052,NIFTY 50,britannia industries
SHRIRAMFIN,SHRIRAMFINEQN,Shriram Finance Limited,INE721A07AL7,NIFTY 50,shriram finance
SBILIFE,SBILIFEEQN,SBI Life Insurance Company Limited,INE123W01016,NIFTY 50,sbi life
TATASTEEL,TATASTEELEQN,Tata Steel Limited,INE081A03018,NIFTY 50,tata steel
TECHM,TECHMEQN,Tech Mahindra Limited,INE669C01036,NIFTY 50,tech mahindra
TCS,TCSEQN,Tata Consultancy Services Limited,INE467B01029,NIFTY 50,tata consultancy services
DRREDDY,DRREDDYEQN,Dr. Reddy's Laboratories Limited,INE089A08051,NIFTY 50,dr reddys laboratories
MARUTI,MARUTIEQN,Maruti Suzuki India Limited,INE585B01010,NIFTY 50,maruti suzuki india
HINDALCO,HINDALCOEQN,Hindalco Industries Limited,IN9038A01010,NIFTY 50,hindalco industries
APOLLOHOSP,APOLLOHOSPEQN,Apollo Hospitals Enterprise Limited,INE437A01024,NIFTY 50,apollo hospitals enterprise
BAJAJFINSV,BAJAJFINSVEQN,Bajaj Finserv Limited,INE918I01026,NIFTY 50,bajaj finserv
HDFCBANK,HDFCBANKEQN,HDFC Bank Limited,INE040A01034,NIFTY 50,hdfc bank
BHARTIARTL,BHARTIARTLEQN,Bharti Airtel Limited,INE397D01024,NIFTY 50,bharti airtel
KOTAKBANK,KOTAKBANKEQN,Kotak Mahindra Bank Limited,INE237A01028,NIFTY 50,kotak mahindra bank
POWERGRID,POWERGRIDEQN,Power Grid Corporation of India Limited,INE752E01010,NIFTY 50,power grid corporation of india
WIPRO,WIPROEQN,Wipro Limited,INE075A01022,NIFTY 50,wipro
TITAN,TITANEQN,Titan Company Limited,INE280A01028,NIFTY 50,titan
INDUSINDBK,INDUSINDBKEQN,IndusInd Bank Limited,INE095A01012,NIFTY 50,indusind bank
CIPLA,CIPLAEQN,Cipla Limited,INE059A01026,NIFTY 50,cipla
M&M,M&MEQN,Mahindra & Mahindra Limited,INE101A01026,NIFTY 50,mahindra mahindra
ONGC,ONGCEQN,Oil & Natural Gas Corporation Limited,INE213A01029,NIFTY 50,oil natural gas corporation
EICHERMOT,EICHERMOTEQN,Eicher Motors Limited,INE066A01021,NIFTY 50,eicher motors
ULTRACEMCO,ULTRACEMCOEQN,UltraTech Cement Limited,INE481G01011,NIFTY 50,ultratech cement
TATACONSUM,TATACONSUMEQN,TATA CONSUMER PRODUCTS LIMITED,INE192A01025,NIFTY 50,tata consumer products
LT,LTEQN,Larsen & Toubro Limited,INE018A01030,NIFTY 50,larsen toubro
ADANIENT,ADANIENTEQN,Adani Enterprises Limited,INE423A01024,NIFTY 50,adani enterprises
INFY,INFYEQN,Infosys Limited,INE009A01021,NIFTY 50,infosys
HDFCLIFE,HDFCLIFEEQN,HDFC Life Insurance Company Limited,INE795G01014,NIFTY 50,hdfc life
ADANIPORTS,ADANIPORTSEQN,Adani Ports and Special Economic Zone Limited,INE742F01042,NIFTY 50,adani ports and special economic zone
GRASIM,GRASIMEQN,Grasim Industries Limited,INE047A01021,NIFTY 50,grasim industries
COALINDIA,COALINDIAEQN,Coal India Limited,INE522F01014,NIFTY 50,coal india
ITC,ITCEQN,ITC Limited,INE154A01025,NIFTY 50,itc
TATAMOTORS,TATAMOTORSEQN,Tata Motors Limited,INE155A01022,NIFTY 50,tata motors
RELIANCE,RELIANCEEQN,Reliance Industries Limited,INE002A01018,NIFTY 50,reliance industries
AXISBANK,AXISBANKEQN,Axis Bank Limited,INE238A01034,NIFTY 50,axis bank
HCLTECH,HCLTECHEQN,HCL Technologies Limited,INE860A01027,NIFTY 50,hcl technologies
NTPC,NTPCEQN,NTPC Limited,INE733E07JE0,NIFTY 50,ntpc
ICICIBANK,ICICIBANKEQN,ICICI Bank Limited,IN9090A01045,NIFTY 50,icici bank
BPCL,BPCLEQN,Bharat Petroleum Corporation Limited,INE029A01011,NIFTY 50,bharat petroleum corporation
SBIN,SBINEQN,State Bank of India,INE062A08041,NIFTY 50,state bank of india
SBICARD,SBICARDEQN,SBI Cards and Payment Services Limited,INE018E01016,NIFTY NEXT 50,sbi cards and payment services
MARICO,MARICOEQN,Marico Limited,INE196A01026,NIFTY NEXT 50,marico
ZOMATO,ZOMATOEQN,Zomato Limited,INE758T01015,NIFTY NEXT 50,zomato
PIDILITIND,PIDILITINDEQN,Pidilite Industries Limited,INE318A01026,NIFTY NEXT 50,pidilite industries
JINDALSTEL,JINDALSTELEQN,Jindal Steel & Power Limited,INE749A01030,NIFTY NEXT 50,jindal steel power
DMART,DMARTEQN,Avenue Supermarts Limited,INE192R01011,NIFTY NEXT 50,avenue supermarts
COLPAL,COLPALEQN,Colgate Palmolive (India) Limited,INE259A01022,NIFTY NEXT 50,colgate palmolive india
BERGEPAINT,BERGEPAINTEQN,Berger Paints (I) Limited,INE463A01038,NIFTY NEXT 50,berger paints i
DABUR,DABUREQN,Dabur India Limited,INE016A01026,NIFTY NEXT 50,dabur india
ICICIGI,ICICIGIEQN,ICICI Lombard General Insurance Company Limited,INE765G01017,NIFTY NEXT 50,icici lombard
TVSMOTOR,TVSMOTOREQN,TVS Motor Company Limited,INE494B01023,NIFTY NEXT 50,tvs motor
HAVELLS,HAVELLSEQN,Havells India Limited,INE176B01034,NIFTY NEXT 50,havells india
SHREECEM,SHREECEMEQN,SHREE CEMENT LIMITED,INE070A01015,NIFTY NEXT 50,shree cement
INDIGO,INDIGOEQN,InterGlobe Aviation Limited,INE646L01027,NIFTY NEXT 50,interglobe aviation
TORNTPHARM,TORNTPHARMEQN,Torrent Pharmaceuticals Limited,INE685A01028,NIFTY NEXT 50,torrent pharmaceuticals
ICICIPRULI,ICICIPRULIEQN,ICICI Prudential Life Insurance Company Limited,INE726G01019,NIFTY NEXT 50,icici prudential life
NAUKRI,NAUKRIEQN,Info Edge (India) Limited,INE663F01024,NIFTY NEXT 50,info edge india
TRENT,TRENTEQN,Trent Limited,INE849A03018,NIFTY NEXT 50,trent
ADANIGREEN,ADANIGREENEQN,Adani Green Energy Limited,INE364U01010,NIFTY NEXT 50,adani green energy
VBL,VBLEQN,Varun Beverages Limited,INE200M01021,NIFTY NEXT 50,varun beverages
SIEMENS,SIEMENSEQN,Siemens Limited,INE003A01024,NIFTY NEXT 50,siemens
TATAPOWER,TATAPOWEREQN,Tata Power Company Limited,INE245A01021,NIFTY NEXT 50,tata power
CHOLAFIN,CHOLAFINEQN,Cholamandalam Investment and Finance Company Limited,INE121A13011,NIFTY NEXT 50,cholamandalam investment and finance
IRCTC,IRCTCEQN,Indian Railway Catering And Tourism Corporation Limited,INE335Y01020,NIFTY NEXT 50,indian railway catering and tourism corporation
AMBUJACEM,AMBUJACEMEQN,Ambuja Cements Limited,INE079A01024,NIFTY NEXT 50,ambuja cements
ADANIPOWER,ADANIPOWEREQN,Adani Power Limited,INE814H01011,NIFTY NEXT 50,adani power
GODREJCP,GODREJCPEQN,Godrej Consumer Products Limited,INE102D01028,NIFTY NEXT 50,godrej consumer products
ZYDUSLIFE,ZYDUSLIFEEQN,Zydus Lifesciences Limited,INE010B01027,NIFTY NEXT 50,zydus lifesciences
VEDL,VEDLEQN,Vedanta Limited,INE205A01025,NIFTY NEXT 50,vedanta
UNITDSPR,UNITDSPREQN,United Spirits Limited,INE854D01024,NIFTY NEXT 50,united spirits
ABB,ABBEQN,ABB India Limited,INE117A01022,NIFTY NEXT 50,abb india
HAL,HALEQN,Hindustan Aeronautics Limited,INE066F01020,NIFTY NEXT 50,hindustan aeronautics
BAJAJHLDNG,BAJAJHLDNGEQN,Bajaj Holdings & Investment Limited,INE118A01012,NIFTY NEXT 50,bajaj holdings investment
ATGL,ATGLEQN,Adani Total Gas Limited,INE399L01023,NIFTY NEXT 50,adani total gas
IRFC,IRFCEQN,Indian Railway Finance Corporation Limited,INE053F07652,NIFTY NEXT 50,indian railway finance corporation
ADANIENSOL,ADANIENSOLEQN,Adani Energy Solutions Limited,INE931S01010,NIFTY NEXT 50,adani energy solutions
JIOFIN,JIOFINEQN,Jio Financial Services Limited,INE758E01017,NIFTY NEXT 50,jio financial services
GAIL,GAILEQN,GAIL (India) Limited,INE129A01019,NIFTY NEXT 50,gail india
BEL,BELEQN,Bharat Electronics Limited,INE263A01024,NIFTY NEXT 50,bharat electronics
PFC,PFCEQN,Power Finance Corporation Limited,INE134E07422,NIFTY NEXT 50,power finance corporation
IOC,IOCEQN,Indian Oil Corporation Limited,INE242A01010,NIFTY NEXT 50,indian oil corporation
LICI,LICIEQN,Life Insurance Corporation Of India,INE0J1Y01017,NIFTY NEXT 50,life corporation of india
MOTHERSON,MOTHERSONEQN,Samvardhana Motherson International Limited,INE775A01035,NIFTY NEXT 50,samvardhana motherson international
PNB,PNBEQN,Punjab National Bank,INE160A01022,NIFTY NEXT 50,punjab national bank
BANKBARODA,BANKBARODAEQN,Bank of Baroda,INE028A01039,NIFTY NEXT 50,bank of baroda
DLF,DLFEQN,DLF Limited,INE271C01023,NIFTY NEXT 50,dlf
RECLTD,RECLTDEQN,REC Limited,INE020B07GW6,NIFTY NEXT 50,rec
BOSCHLTD,BOSCHLTDEQN,Bosch Limited,INE323A01026,NIFTY NEXT 50,bosch
SRF,SRFEQN,SRF Limited,INE647A01010,NIFTY NEXT 50,srf
CANBK,CANBKEQN,Canara Bank,INE476A01022,NIFTY NEXT 50,canara bank
PIIND,PIINDEQN,PI Industries Limited,INE603J01030,NIFTY MIDCAP 50,pi industries
ALKEM,ALKEMEQN,Alkem Laboratories Limited,INE540L01014,NIFTY MIDCAP 50,alkem laboratories
MAXHEALTH,MAXHEALTHEQN,Max Healthcare Institute Limited,INE027H01010,NIFTY MIDCAP 50,max healthcare institute
COFORGE,COFORGEEQN,Coforge Limited,INE591G01017,NIFTY MIDCAP 50,coforge
BALKRISIND,BALKRISINDEQN,Balkrishna Industries Limited,INE787D01026,NIFTY MIDCAP 50,balkrishna industries
ACC,ACCEQN,ACC Limited,INE012A01025,NIFTY MIDCAP 50,acc
MFSL,MFSLEQN,Max Financial Services Limited,INE180A01020,NIFTY MIDCAP 50,max financial services
AUROPHARMA,AUROPHARMAEQN,Aurobindo Pharma Limited,INE406A01037,NIFTY MIDCAP 50,aurobindo pharma
JUBLFOOD,JUBLFOODEQN,Jubilant Foodworks Limited,INE797F01020,NIFTY MIDCAP 50,jubilant foodworks
AUBANK,AUBANKEQN,AU Small Finance Bank Limited,INE949L01017,NIFTY MIDCAP 50,au small finance bank
GODREJPROP,GODREJPROPEQN,Godrej Properties Limited,INE484J01027,NIFTY MIDCAP 50,godrej properties
POLYCAB,POLYCABEQN,Polycab India Limited,INE455K01017,NIFTY MIDCAP 50,polycab india
NMDC,NMDCEQN,NMDC Limited,INE584A01023,NIFTY MIDCAP 50,nmdc
LTTS,LTTSEQN,L&T Technology Services Limited,INE010V01017,NIFTY MIDCAP 50,lt technology services
M&MFIN,M&MFINEQN,Mahindra & Mahindra Financial Services Limited,INE774D01024,NIFTY MIDCAP 50,mahindra mahindra financial services
YESBANK,YESBANKEQN,Yes Bank Limited,INE528G01035,NIFTY MIDCAP 50,yes bank
MPHASIS,MPHASISEQN,MphasiS Limited,INE356A01018,NIFTY MIDCAP 50,mphasis
PERSISTENT,PERSISTENTEQN,Persistent Systems Limited,INE262H01021,NIFTY MIDCAP 50,persistent systems
UPL,UPLEQN,UPL Limited,INE628A03024,NIFTY MIDCAP 50,upl
ASHOKLEY,ASHOKLEYEQN,Ashok Leyland Limited,INE208A01029,NIFTY MIDCAP 50,ashok leyland
MRF,MRFEQN,MRF Limited,INE883A01011,NIFTY MIDCAP 50,mrf
SAIL,SAILEQN,Steel Authority of India Limited,INE114A01011,NIFTY MIDCAP 50,steel authority of india
SUZLON,SUZLONEQN,Suzlon Energy Limited,INE040H01021,NIFTY MIDCAP 50,suzlon energy
ESCORTS,ESCORTSEQN,Escorts Kubota Limited,INE042A07052,NIFTY MIDCAP 50,escorts kubota
GUJGASLTD,GUJGASLTDEQN,Gujarat Gas Limited,INE844O01030,NIFTY MIDCAP 50,gujarat gas
LUPIN,LUPINEQN,Lupin Limited,INE326A01037,NIFTY MIDCAP 50,lupin
PAGEIND,PAGEINDEQN,Page Industries Limited,INE761H01022,NIFTY MIDCAP 50,page industries
IDFCFIRSTB,IDFCFIRSTBEQN,IDFC First Bank Limited,INE092T08CP8,NIFTY MIDCAP 50,idfc first bank
ASTRAL,ASTRALEQN,Astral Limited,INE006I01046,NIFTY MIDCAP 50,astral
CUMMINSIND,CUMMINSINDEQN,Cummins India Limited,INE298A01020,NIFTY MIDCAP 50,cummins india
TATACOMM,TATACOMMEQN,Tata Communications Limited,INE151A01013,NIFTY MIDCAP 50,tata communications
CONCOR,CONCOREQN,Container Corporation of India Limited,INE111A01025,NIFTY MIDCAP 50,container corporation of india
DALBHARAT,DALBHARATEQN,Dalmia Bharat Limited,INE00R701025,NIFTY MIDCAP 50,dalmia bharat
INDHOTEL,INDHOTELEQN,The Indian Hotels Company Limited,INE053A01029,NIFTY MIDCAP 50,the indian hotels
HDFCAMC,HDFCAMCEQN,HDFC Asset Management Company Limited,INE127D01025,NIFTY MIDCAP 50,hdfc asset management
OBEROIRLTY,OBEROIRLTYEQN,Oberoi Realty Limited,INE093I01010,NIFTY MIDCAP 50,oberoi realty
DIXON,DIXONEQN,Dixon Technologies (India) Limited,INE935N01020,NIFTY MIDCAP 50,dixon technologies india
LTF,LTFEQN,L&T Finance Limited,INE498L01015,NIFTY MIDCAP 50,lt finance
FEDERALBNK,FEDERALBNKEQN,The Federal Bank  Limited,INE171A01029,NIFTY MIDCAP 50,the federal bank
ABCAPITAL,ABCAPITALEQN,Aditya Birla Capital Limited,INE674K01013,NIFTY MIDCAP 50,aditya birla capital
PETRONET,PETRONETEQN,Petronet LNG Limited,INE347G01014,NIFTY MIDCAP 50,petronet lng
HINDPETRO,HINDPETROEQN,Hindustan Petroleum Corporation Limited,INE169701013,NIFTY MIDCAP 50,hindustan petroleum corporation
BHEL,BHELEQN,Bharat Heavy Electricals Limited,INE257A01026,NIFTY MIDCAP 50,bharat heavy electricals
BANDHANBNK,BANDHANBNKEQN,Bandhan Bank Limited,INE545U01014,NIFTY MIDCAP 50,bandhan bank
BHARATFORG,BHARATFORGEQN,Bharat Forge Limited,INE465A01025,NIFTY MIDCAP 50,bharat forge
OFSS,OFSSEQN,Oracle Financial Services Software Limited,INE881D01027,NIFTY MIDCAP 50,oracle financial services software
TIINDIA,TIINDIAEQN,Tube Investments of India Limited,INE974X01010,NIFTY MIDCAP 50,tube investments of india
INDUSTOWER,INDUSTOWEREQN,Indus Towers Limited,INE121J01017,NIFTY MIDCAP 50,indus towers
GMRINFRA,GMRINFRAEQN,GMR Airports Infrastructure Limited,INE776C01039,NIFTY MIDCAP 50,gmr airports infrastructure
IDEA,IDEAEQN,Vodafone Idea Limited,INE669E01016,NIFTY MIDCAP 50,vodafone idea
TATATECH,TATATECHEQN,Tata Technologies Limited,INE142M01025,NIFTY MIDCAP 100,tata technologies
PRESTIGE,PRESTIGEEQN,Prestige Estates Projects Limited,INE811K01011,NIFTY MIDCAP 100,prestige estates projects
SUPREMEIND,SUPREMEINDEQN,Supreme Industries Limited,INE195A01028,NIFTY MIDCAP 100,supreme industries
SUNTV,SUNTVEQN,Sun TV Network Limited,INE424H01027,NIFTY MIDCAP 100,sun tv network
GLAND,GLANDEQN,Gland Pharma Limited,INE068V01023,NIFTY MIDCAP 100,gland pharma
TORNTPOWER,TORNTPOWEREQN,Torrent Power Limited,INE813H01021,NIFTY MIDCAP 100,torrent power
KPITTECH,KPITTECHEQN,KPIT Technologies Limited,INE04I401011,NIFTY MIDCAP 100,kpit technologies
NYKAA,NYKAAEQN,FSN E-Commerce Ventures Limited,INE388Y01029,NIFTY MIDCAP 100,fsn ecommerce ventures
VOLTAS,VOLTASEQN,Voltas Limited,INE226A01021,NIFTY MIDCAP 100,voltas
KALYANKJIL,KALYANKJILEQN,Kalyan Jewellers India Limited,INE303R01014,NIFTY MIDCAP 100,kalyan jewellers india
JSWINFRA,JSWINFRAEQN,JSW Infrastructure Limited,INE880J01026,NIFTY MIDCAP 100,jsw infrastructure
ZEEL,ZEELEQN,Zee Entertainment Enterprises Limited,INE256A04022,NIFTY MIDCAP 100,zee entertainment enterprises
POLICYBZR,POLICYBZREQN,PB Fintech Limited,INE417T01026,NIFTY MIDCAP 100,pb fintech
SYNGENE,SYNGENEEQN,Syngene International Limited,INE398R01022,NIFTY MIDCAP 100,syngene international
JSWENERGY,JSWENERGYEQN,JSW Energy Limited,INE121E01018,NIFTY MIDCAP 100,jsw energy
LALPATHLAB,LALPATHLABEQN,Dr. Lal Path Labs Ltd.,INE600L01024,NIFTY MIDCAP 100,dr lal path labs ltd
APOLLOTYRE,APOLLOTYREEQN,Apollo Tyres Limited,INE438A01022,NIFTY MIDCAP 100,apollo tyres
BANKINDIA,BANKINDIAEQN,Bank of India,INE084A01016,NIFTY MIDCAP 100,bank of india
POONAWALLA,POONAWALLAEQN,Poonawalla Fincorp Limited,INE511C01022,NIFTY MIDCAP 100,poonawalla fincorp
LAURUSLABS,LAURUSLABSEQN,Laurus Labs Limited,INE947Q01028,NIFTY MIDCAP 100,laurus labs
MANKIND,MANKINDEQN,Mankind Pharma Limited,INE634S01028,NIFTY MIDCAP 100,mankind pharma
SJVN,SJVNEQN,SJVN Limited,INE002L01015,NIFTY MIDCAP 100,sjvn
CGPOWER,CGPOWEREQN,CG Power and Industrial Solutions Limited,INE067A01029,NIFTY MIDCAP 100,cg power and industrial solutions
UNIONBANK,UNIONBANKEQN,Union Bank of India,INE692A01016,NIFTY MIDCAP 100,union bank of india
LODHA,LODHAEQN,Macrotech Developers Limited,INE670K01029,NIFTY MIDCAP 100,macrotech developers
MAHABANK,MAHABANKEQN,Bank of Maharashtra,INE457A01014,NIFTY MIDCAP 100,bank of maharashtra
LICHSGFIN,LICHSGFINEQN,LIC Housing Finance Limited,INE115A01026,NIFTY MIDCAP 100,lic housing finance
ABFRL,ABFRLEQN,Aditya Birla Fashion and Retail Limited,INE647O01011,NIFTY MIDCAP 100,aditya birla fashion and retail
IPCALAB,IPCALABEQN,IPCA Laboratories Limited,INE571A01038,NIFTY MIDCAP 100,ipca laboratories
DELHIVERY,DELHIVERYEQN,Delhivery Limited,INE148O01028,NIFTY MIDCAP 100,delhivery
BDL,BDLEQN,Bharat Dynamics Limited,INE171Z01026,NIFTY MIDCAP 100,bharat dynamics
RVNL,RVNLEQN,Rail Vikas Nigam Limited,INE415G01027,NIFTY MIDCAP 100,rail vikas nigam
APLAPOLLO,APLAPOLLOEQN,APL Apollo Tubes Limited,INE702C01027,NIFTY MIDCAP 100,apl apollo tubes
PATANJALI,PATANJALIEQN,Patanjali Foods Limited,INE619A01035,NIFTY MIDCAP 100,patanjali foods
TATAELXSI,TATAELXSIEQN,Tata Elxsi Limited,INE670A01012,NIFTY MIDCAP 100,tata elxsi
BSE,BSEEQN,BSE Limited,INE118H01025,NIFTY MIDCAP 100,bse
TATACHEM,TATACHEMEQN,Tata Chemicals Limited,INE092A01019,NIFTY MIDCAP 100,tata chemicals
DEEPAKNTR,DEEPAKNTREQN,Deepak Nitrite Limited,INE288B01029,NIFTY MIDCAP 100,deepak nitrite
NHPC,NHPCEQN,NHPC Limited,INE848E07542,NIFTY MIDCAP 100,nhpc
SONACOMS,SONACOMSEQN,Sona BLW Precision Forgings Limited,INE073K01018,NIFTY MIDCAP 100,sona blw precision forgings
IGL,IGLEQN,Indraprastha Gas Limited,INE203G01027,NIFTY MIDCAP 100,indraprastha gas
BIOCON,BIOCONEQN,Biocon Limited,INE376G01013,NIFTY MIDCAP 100,biocon
PEL,PELEQN,Piramal Enterprises Limited,INE140A01024,NIFTY MIDCAP 100,piramal enterprises
FORTIS,FORTISEQN,Fortis Healthcare Limited,INE061F01013,NIFTY MIDCAP 100,fortis healthcare
PAYTM,PAYTMEQN,One 97 Communications Limited,INE982J01020,NIFTY MIDCAP 100,one 97 communications
FACT,FACTEQN,Fertilizers and Chemicals Travancore Limited,INE188A01015,NIFTY MIDCAP 100,fertilizers and chemicals travancore
MAZDOCK,MAZDOCKEQN,Mazagon Dock Shipbuilders Limited,INE249Z01012,NIFTY MIDCAP 100,mazagon dock shipbuilders
OIL,OILEQN,Oil India Limited,INE274J01014,NIFTY MIDCAP 100,oil india
IDBI,IDBIEQN,IDBI Bank Limited,INE008A01015,NIFTY MIDCAP 100,idbi bank
INDIANB,INDIANBEQN,Indian Bank,INE562A01011,NIFTY MIDCAP 100,indian bank
FLUOROCHEM,FLUOROCHEMEQN,Gujarat Fluorochemicals Limited,INE09N301011,NIFTY MIDCAP 150,gujarat fluorochemicals
SUMICHEM,SUMICHEMEQN,Sumitomo Chemical India Limited,INE258G01013,NIFTY MIDCAP 150,sumitomo chemical india
KPRMILL,KPRMILLEQN,K.P.R. Mill Limited,INE930H01031,NIFTY MIDCAP 150,kpr mill
JSL,JSLEQN,Jindal Stainless Limited,INE220G01021,NIFTY MIDCAP 150,jindal stainless
THERMAX,THERMAXEQN,Thermax Limited,INE152A01029,NIFTY MIDCAP 150,thermax
PHOENIXLTD,PHOENIXLTDEQN,The Phoenix Mills Limited,INE211B01039,NIFTY MIDCAP 150,the phoenix mills
GRINDWELL,GRINDWELLEQN,Grindwell Norton Limited,INE536A01023,NIFTY MIDCAP 150,grindwell norton
CRISIL,CRISILEQN,CRISIL Limited,INE007A01025,NIFTY MIDCAP 150,crisil
3MINDIA,3MINDIAEQN,3M India Limited,INE470A01017,NIFTY MIDCAP 150,3m india
ZFCVINDIA,ZFCVINDIAEQN,ZF Commercial Vehicle Control Systems India Limited,INE342J01019,NIFTY MIDCAP 150,zf commercial vehicle control systems india
SUNDRMFAST,SUNDRMFASTEQN,Sundram Fasteners Limited,INE387A01021,NIFTY MIDCAP 150,sundram fasteners
ENDURANCE,ENDURANCEEQN,Endurance Technologies Limited,INE913H01037,NIFTY MIDCAP 150,endurance technologies
GLAXO,GLAXOEQN,GlaxoSmithKline Pharmaceuticals Limited,INE159A01016,NIFTY MIDCAP 150,glaxosmithkline pharmaceuticals
DEVYANI,DEVYANIEQN,Devyani International Limited,INE872J01023,NIFTY MIDCAP 150,devyani international
GODREJIND,GODREJINDEQN,Godrej Industries Limited,INE233A01035,NIFTY MIDCAP 150,godrej industries
ISEC,ISECEQN,ICICI Securities Limited,INE763G01038,NIFTY MIDCAP 150,icici securities
SOLARINDS,SOLARINDSEQN,Solar Industries India Limited,INE343H01029,NIFTY MIDCAP 150,solar industries india
ABBOTINDIA,ABBOTINDIAEQN,Abbott India Limited,INE358A01014,NIFTY MIDCAP 150,abbott india
PGHH,PGHHEQN,Procter & Gamble Hygiene and Health Care Limited,INE179A01014,NIFTY MIDCAP 150,procter gamble hygiene and health care
JKCEMENT,JKCEMENTEQN,JK Cement Limited,INE823G01014,NIFTY MIDCAP 150,jk cement
MSUMI,MSUMIEQN,Motherson Sumi Wiring India Limited,INE0FS801015,NIFTY MIDCAP 150,motherson sumi wiring india
AIAENG,AIAENGEQN,AIA Engineering Limited,INE212H01026,NIFTY MIDCAP 150,aia engineering
EMAMILTD,EMAMILTDEQN,Emami Limited,INE548C01032,NIFTY MIDCAP 150,emami
AJANTPHARM,AJANTPHARMEQN,Ajanta Pharma Limited,INE031B01049,NIFTY MIDCAP 150,ajanta pharma
STARHEALTH,STARHEALTHEQN,Star Health and Allied Insurance Company Limited,INE575P01011,NIFTY MIDCAP 150,star health and allied
UBL,UBLEQN,United Breweries Limited,INE686F01025,NIFTY MIDCAP 150,united breweries
LINDEINDIA,LINDEINDIAEQN,Linde India Limited,INE473A01011,NIFTY MIDCAP 150,linde india
HONAUT,HONAUTEQN,Honeywell Automation India Limited,INE671A01010,NIFTY MIDCAP 150,honeywell automation india
SKFINDIA,SKFINDIAEQN,SKF India Limited,INE640A01023,NIFTY MIDCAP 150,skf india
MUTHOOTFIN,MUTHOOTFINEQN,Muthoot Finance Limited,INE414G07233,NIFTY MIDCAP 150,muthoot finance
AWL,AWLEQN,Adani Wilmar Limited,INE699H01024,NIFTY MIDCAP 150,adani wilmar
KAJARIACER,KAJARIACEREQN,Kajaria Ceramics Limited,INE217B01036,NIFTY MIDCAP 150,kajaria ceramics
KANSAINER,KANSAINEREQN,Kansai Nerolac Paints Limited,INE531A01024,NIFTY MIDCAP 150,kansai nerolac paints
LLOYDSME,LLOYDSMEEQN,Lloyds Metals And Energy Limited,INE281B01032,NIFTY MIDCAP 150,lloyds metals and energy
COROMANDEL,COROMANDELEQN,Coromandel International Limited,INE169A01031,NIFTY MIDCAP 150,coromandel international
ATUL,ATULEQN,Atul Limited,INE100A01010,NIFTY MIDCAP 150,atul
KEI,KEIEQN,KEI Industries Limited,INE878B01027,NIFTY MIDCAP 150,kei industries
BAYERCROP,BAYERCROPEQN,Bayer Cropscience Limited,INE462A01022,NIFTY MIDCAP 150,bayer cropscience
HINDZINC,HINDZINCEQN,Hindustan Zinc Limited,INE267A01025,NIFTY MIDCAP 150,hindustan zinc
CARBORUNIV,CARBORUNIVEQN,Carborundum Universal Limited,INE120A01034,NIFTY MIDCAP 150,carborundum universal
SUNDARMFIN,SUNDARMFINEQN,Sundaram Finance Limited,INE660A01013,NIFTY MIDCAP 150,sundaram finance
BATAINDIA,BATAINDIAEQN,Bata India Limited,INE176A01028,NIFTY MIDCAP 150,bata india
RAMCOCEM,RAMCOCEMEQN,The Ramco Cements Limited,INE331A01037,NIFTY MIDCAP 150,the ramco cements
METROBRAND,METROBRANDEQN,Metro Brands Limited,INE317I01021,NIFTY MIDCAP 150,metro brands
UNOMINDA,UNOMINDAEQN,UNO Minda Limited,INE405E01023,NIFTY MIDCAP 150,uno minda
SCHAEFFLER,SCHAEFFLEREQN,Schaeffler India Limited,INE513A01022,NIFTY MIDCAP 150,schaeffler india
TIMKEN,TIMKENEQN,Timken India Limited,INE325A01013,NIFTY MIDCAP 150,timken india
GICRE,GICREEQN,General Insurance Corporation of India,INE481Y01014,NIFTY MIDCAP 150,corporation of india
MANYAVAR,MANYAVAREQN,Vedant Fashions Limited,INE825V01034,NIFTY MIDCAP 150,vedant fashions
NIACL,NIACLEQN,The New India Assurance Company Limited,INE470Y01017,NIFTY MIDCAP 150,the new india assurance
NH,NHEQN,Narayana Hrudayalaya Ltd.,INE410P01011,NIFTY SMALLCAP 50,narayana hrudayalaya ltd
AAVAS,AAVASEQN,Aavas Financiers Limited,INE216P01012,NIFTY SMALLCAP 50,aavas financiers
PPLPHARMA,PPLPHARMAEQN,Piramal Pharma Limited,INE0DK501011,NIFTY SMALLCAP 50,piramal pharma
CREDITACC,CREDITACCEQN,CREDITACCESS GRAMEEN LIMITED,INE741K01010,NIFTY SMALLCAP 50,creditaccess grameen
SONATSOFTW,SONATSOFTWEQN,Sonata Software Limited,INE269A01021,NIFTY SMALLCAP 50,sonata software
BLUESTARCO,BLUESTARCOEQN,Blue Star Limited,INE472A01039,NIFTY SMALLCAP 50,blue star
TANLA,TANLAEQN,Tanla Platforms Limited,INE483C01032,NIFTY SMALLCAP 50,tanla platforms
CYIENT,CYIENTEQN,Cyient Limited,INE136B01020,NIFTY SMALLCAP 50,cyient
CENTURYTEX,CENTURYTEXEQN,Century Textiles & Industries Limited,INE055A01016,NIFTY SMALLCAP 50,century textiles industries
HAPPSTMNDS,HAPPSTMNDSEQN,Happiest Minds Technologies Limited,INE419U01012,NIFTY SMALLCAP 50,happiest minds technologies
NATCOPHARM,NATCOPHARMEQN,Natco Pharma Limited,INE987B01026,NIFTY SMALLCAP 50,natco pharma
RADICO,RADICOEQN,Radico Khaitan Limited,INE944F01028,NIFTY SMALLCAP 50,radico khaitan
MCX,MCXEQN,Multi Commodity Exchange of India Limited,INE745G01035,NIFTY SMALLCAP 50,multi commodity exchange of india
GLENMARK,GLENMARKEQN,Glenmark Pharmaceuticals Limited,INE935A01035,NIFTY SMALLCAP 50,glenmark pharmaceuticals
IIFL,IIFLEQN,IIFL Finance Limited,INE530B07138,NIFTY SMALLCAP 50,iifl finance
PVRINOX,PVRINOXEQN,PVR INOX Limited,INE191H01014,NIFTY SMALLCAP 50,pvr inox
FINCABLES,FINCABLESEQN,Finolex Cables Limited,INE235A01022,NIFTY SMALLCAP 50,finolex cables
IEX,IEXEQN,Indian Energy Exchange Limited,INE022Q01020,NIFTY SMALLCAP 50,indian energy exchange
APARINDS,APARINDSEQN,Apar Industries Limited,INE372A01015,NIFTY SMALLCAP 50,apar industries
CROMPTON,CROMPTONEQN,Crompton Greaves Consumer Electricals Limited,INE299U01018,NIFTY SMALLCAP 50,crompton greaves consumer electricals
BSOFT,BSOFTEQN,BIRLASOFT LIMITED,INE836A01035,NIFTY SMALLCAP 50,birlasoft
KARURVYSYA,KARURVYSYAEQN,Karur Vysya Bank Limited,IN9036D01034,NIFTY SMALLCAP 50,karur vysya bank
CDSL,CDSLEQN,Central Depository Services (India) Limited,INE736A01011,NIFTY SMALLCAP 50,central depository services india
CASTROLIND,CASTROLINDEQN,Castrol India Limited,INE172A01027,NIFTY SMALLCAP 50,castrol india
RAYMOND,RAYMONDEQN,Raymond Limited,INE301A01014,NIFTY SMALLCAP 50,raymond
NATIONALUM,NATIONALUMEQN,National Aluminium Company Limited,INE139A01034,NIFTY SMALLCAP 50,national aluminium
TEJASNET,TEJASNETEQN,Tejas Networks Limited,INE010J01012,NIFTY SMALLCAP 50,tejas networks
CAMS,CAMSEQN,Computer Age Management Services Limited,INE596I01012,NIFTY SMALLCAP 50,computer age management services
INDIAMART,INDIAMARTEQN,Indiamart Intermesh Limited,INE933S01016,NIFTY SMALLCAP 50,indiamart intermesh
PNBHOUSING,PNBHOUSINGEQN,PNB Housing Finance Limited,INE572E01012,NIFTY SMALLCAP 50,pnb housing finance
NAVINFLUOR,NAVINFLUOREQN,Navin Fluorine International Limited,INE048G01026,NIFTY SMALLCAP 50,navin fluorine international
RBLBANK,RBLBANKEQN,RBL Bank Limited,INE976G01028,NIFTY SMALLCAP 50,rbl bank
FIVESTAR,FIVESTAREQN,Five-Star Business Finance Limited,INE128S01021,NIFTY SMALLCAP 50,fivestar business finance
AARTIIND,AARTIINDEQN,Aarti Industries Limited,INE769A01020,NIFTY SMALLCAP 50,aarti industries
ARE&M,ARE&MEQN,Amara Raja Energy & Mobility Limited,INE885A01032,NIFTY SMALLCAP 50,amara raja energy mobility
EQUITASBNK,EQUITASBNKEQN,Equitas Small Finance Bank Limited,INE063P01018,NIFTY SMALLCAP 50,equitas small finance bank
GSPL,GSPLEQN,Gujarat State Petronet Limited,INE246F01010,NIFTY SMALLCAP 50,gujarat state petronet
IDFC,IDFCEQN,IDFC Limited,INE043D07427,NIFTY SMALLCAP 50,idfc
MGL,MGLEQN,Mahanagar Gas Limited,INE002S01010,NIFTY SMALLCAP 50,mahanagar gas
MANAPPURAM,MANAPPURAMEQN,Manappuram Finance Limited,INE522D07743,NIFTY SMALLCAP 50,manappuram finance
EXIDEIND,EXIDEINDEQN,Exide Industries Limited,INE302A01020,NIFTY SMALLCAP 50,exide industries
ZENSARTECH,ZENSARTECHEQN,Zensar Technologies Limited,INE520A01027,NIFTY SMALLCAP 50,zensar technologies
RKFORGE,RKFORGEEQN,Ramkrishna Forgings Limited,INE399G01023,NIFTY SMALLCAP 50,ramkrishna forgings
CUB,CUBEQN,City Union Bank Limited,IN9491A01011,NIFTY SMALLCAP 50,city union bank
NAM-INDIA,NAM-INDIAEQN,Nippon Life India Asset Management Limited,INE298J01013,NIFTY SMALLCAP 50,nippon life india asset management
GESHIP,GESHIPEQN,The Great Eastern Shipping Company Limited,INE017A01032,NIFTY SMALLCAP 50,the great eastern shipping
HFCL,HFCLEQN,HFCL Limited,INE548A01028,NIFTY SMALLCAP 50,hfcl
CESC,CESCEQN,CESC Limited,INE486A01021,NIFTY SMALLCAP 50,cesc
NCC,NCCEQN,NCC Limited,INE868B01028,NIFTY SMALLCAP 50,ncc
ANGELONE,ANGELONEEQN,Angel One Limited,INE732I01013,NIFTY SMALLCAP 50,angel one
RAYMONDLSL,RAYMONDLSLBEN,Raymond Lifestyle Limited,INE02ID01020,NIFTY SMALLCAP 50,raymond lifestyle
HONASA,HONASAEQN,Honasa Consumer Limited,INE0J5401028,NIFTY SMALLCAP 100,honasa consumer
GMDCLTD,GMDCLTDEQN,Gujarat Mineral Development Corporation Limited,INE131A01031,NIFTY SMALLCAP 100,gujarat mineral development corporation
KEC,KECEQN,KEC International Limited,INE389H01022,NIFTY SMALLCAP 100,kec international
INTELLECT,INTELLECTEQN,Intellect Design Arena Limited,INE306R01017,NIFTY SMALLCAP 100,intellect design arena
IRB,IRBEQN,IRB Infrastructure Developers Limited,INE821I01022,NIFTY SMALLCAP 100,irb infrastructure developers
RRKABEL,RRKABELEQN,R R Kabel Limited,INE777K01022,NIFTY SMALLCAP 100,r r kabel
RITES,RITESEQN,RITES Limited,INE320J01015,NIFTY SMALLCAP 100,rites
AFFLE,AFFLEEQN,Affle (India) Limited,INE00WC01027,NIFTY SMALLCAP 100,affle india
JBCHEPHARM,JBCHEPHARMEQN,JB Chemicals & Pharmaceuticals Limited,INE572A01036,NIFTY SMALLCAP 100,jb chemicals pharmaceuticals
REDINGTON,REDINGTONEQN,Redington Limited,INE891D01026,NIFTY SMALLCAP 100,redington
TRITURBINE,TRITURBINEEQN,Triveni Turbine Limited,INE152M01016,NIFTY SMALLCAP 100,triveni turbine
OLECTRA,OLECTRAEQN,Olectra Greentech Limited,INE260D01016,NIFTY SMALLCAP 100,olectra greentech
CEATLTD,CEATLTDEQN,CEAT Limited,INE482A01020,NIFTY SMALLCAP 100,ceat
TITAGARH,TITAGARHEQN,TITAGARH RAIL SYSTEMS LIMITED,INE615H01020,NIFTY SMALLCAP 100,titagarh rail systems
GRAPHITE,GRAPHITEEQN,Graphite India Limited,INE371A01025,NIFTY SMALLCAP 100,graphite india
FSL,FSLEQN,Firstsource Solutions Limited,INE684F01012,NIFTY SMALLCAP 100,firstsource solutions
JYOTHYLAB,JYOTHYLABEQN,Jyothy Labs Limited,INE668F01031,NIFTY SMALLCAP 100,jyothy labs
CIEINDIA,CIEINDIAEQN,CIE Automotive India Limited,INE536H01010,NIFTY SMALLCAP 100,cie automotive india
TRIDENT,TRIDENTEQN,Trident Limited,INE064C01022,NIFTY SMALLCAP 100,trident
GNFC,GNFCEQN,Gujarat Narmada Valley Fertilizers and Chemicals Limited,INE113A01013,NIFTY SMALLCAP 100,gujarat narmada valley fertilizers and chemicals
HSCL,HSCLEQN,Himadri Speciality Chemical Limited,INE019C01026,NIFTY SMALLCAP 100,himadri speciality chemical
UCOBANK,UCOBANKEQN,UCO Bank,INE691A01018,NIFTY SMALLCAP 100,uco bank
HINDCOPPER,HINDCOPPEREQN,Hindustan Copper Limited,INE531E01026,NIFTY SMALLCAP 100,hindustan copper
TATAINVEST,TATAINVESTEQN,Tata Investment Corporation Limited,INE672A13013,NIFTY SMALLCAP 100,tata investment corporation
J&KBANK,J&KBANKEQN,The Jammu & Kashmir Bank Limited,INE168A01041,NIFTY SMALLCAP 100,the jammu kashmir bank
NBCC,NBCCEQN,NBCC (India) Limited,INE095N01031,NIFTY SMALLCAP 100,nbcc india
UJJIVANSFB,UJJIVANSFBEQN,Ujjivan Small Finance Bank Limited,INE551W01018,NIFTY SMALLCAP 100,ujjivan small finance bank
CENTRALBK,CENTRALBKEQN,Central Bank of India,INE483A01010,NIFTY SMALLCAP 100,central bank of india
BLS,BLSEQN,BLS International Services Limited,INE153T01027,NIFTY SMALLCAP 100,bls international services
DATAPATTNS,DATAPATTNSEQN,Data Patterns (India) Limited,INE0IX101010,NIFTY SMALLCAP 100,data patterns india
JBMA,JBMAEQN,JBM Auto Limited,INE927D01044,NIFTY SMALLCAP 100,jbm auto
IRCON,IRCONEQN,Ircon International Limited,INE962Y01021,NIFTY SMALLCAP 100,ircon international
CANFINHOME,CANFINHOMEEQN,Can Fin Homes Limited,INE477A01020,NIFTY SMALLCAP 100,can fin homes
NSLNISP,NSLNISPEQN,NMDC Steel Limited,INE0NNS01018,NIFTY SMALLCAP 100,nmdc steel
TTML,TTMLEQN,Tata Teleservices (Maharashtra) Limited,INE517B01013,NIFTY SMALLCAP 100,tata teleservices maharashtra
MRPL,MRPLEQN,Mangalore Refinery and Petrochemicals Limited,INE103A01014,NIFTY SMALLCAP 100,mangalore refinery and petrochemicals
HUDCO,HUDCOEQN,Housing & Urban Development Corporation Limited,INE031A07873,NIFTY SMALLCAP 100,housing urban development corporation
ITI,ITIEQN,ITI Limited,INE248A01017,NIFTY SMALLCAP 100,iti
COCHINSHIP,COCHINSHIPEQN,Cochin Shipyard Limited,INE704P01025,NIFTY SMALLCAP 100,cochin shipyard
WELSPUNLIV,WELSPUNLIVEQN,Welspun Living Limited,INE192B01031,NIFTY SMALLCAP 100,welspun living
CHAMBLFERT,CHAMBLFERTEQN,Chambal Fertilizers & Chemicals Limited,INE085A01013,NIFTY SMALLCAP 100,chambal fertilizers chemicals
IOB,IOBEQN,Indian Overseas Bank,INE565A01014,NIFTY SMALLCAP 100,indian overseas bank
PRAJIND,PRAJINDEQN,Praj Industries Limited,INE074A01025,NIFTY SMALLCAP 100,praj industries
MEDANTA,MEDANTAEQN,Global Health Limited,INE474Q01031,NIFTY SMALLCAP 100,global health
RENUKA,RENUKAEQN,Shree Renuka Sugars Limited,INE087H01022,NIFTY SMALLCAP 100,shree renuka sugars
ALOKINDS,ALOKINDSEQN,Alok Industries Limited,INE270A01029,NIFTY SMALLCAP 100,alok industries
SWANENERGY,SWANENERGYEQN,Swan Energy Limited,INE665A01038,NIFTY SMALLCAP 100,swan energy
SHYAMMETL,SHYAMMETLEQN,Shyam Metalics and Energy Limited,INE810G01011,NIFTY SMALLCAP 100,shyam metalics and energy
AMBER,AMBEREQN,Amber Enterprises India Limited,INE371P01015,NIFTY SMALLCAP 100,amber enterprises india
NLCINDIA,NLCINDIAEQN,NLC India Limited,INE589A01014,NIFTY SMALLCAP 100,nlc india
GODFRYPHLP,GODFRYPHLPEQN,Godfrey Phillips India Limited,INE260B01028,NIFTY SMALLCAP 250,godfrey phillips india
GLS,GLSEQN,Glenmark Life Sciences Limited,INE03Q201024,NIFTY SMALLCAP 250,glenmark life sciences
USHAMART,USHAMARTEQN,Usha Martin Limited,INE228A01035,NIFTY SMALLCAP 250,usha martin
SUVENPHAR,SUVENPHAREQN,Suven Pharmaceuticals Limited,INE03QK01018,NIFTY SMALLCAP 250,suven pharmaceuticals
GMMPFAUDLR,GMMPFAUDLREQN,GMM Pfaudler Limited,INE541A01023,NIFTY SMALLCAP 250,gmm pfaudler
TMB,TMBEQN,Tamilnad Mercantile Bank Limited,INE668A01016,NIFTY SMALLCAP 250,tamilnad mercantile bank
ALKYLAMINE,ALKYLAMINEEQN,Alkyl Amines Chemicals Limited,INE150B01039,NIFTY SMALLCAP 250,alkyl amines chemicals
LXCHEM,LXCHEMEQN,Laxmi Organic Industries Limited,INE576O01020,NIFTY SMALLCAP 250,laxmi organic industries
UTIAMC,UTIAMCEQN,UTI Asset Management Company Limited,INE094J01016,NIFTY SMALLCAP 250,uti asset management
FDC,FDCEQN,FDC Limited,INE258B01022,NIFTY SMALLCAP 250,fdc
RATNAMANI,RATNAMANIEQN,Ratnamani Metals & Tubes Limited,INE703B01027,NIFTY SMALLCAP 250,ratnamani metals tubes
FINEORG,FINEORGEQN,Fine Organic Industries Limited,INE686Y01026,NIFTY SMALLCAP 250,fine organic industries
BRIGADE,BRIGADEEQN,Brigade Enterprises Limited,INE791I01019,NIFTY SMALLCAP 250,brigade enterprises
ASTERDM,ASTERDMEQN,Aster DM Healthcare Limited,INE914M01019,NIFTY SMALLCAP 250,aster dm healthcare
JUBLPHARMA,JUBLPHARMAEQN,Jubilant Pharmova Limited,INE700A01033,NIFTY SMALLCAP 250,jubilant pharmova
JAIBALAJI,JAIBALAJIBEN,Jai Balaji Industries Limited,INE091G01018,NIFTY SMALLCAP 250,jai balaji industries
INOXWIND,INOXWINDEQN,Inox Wind Limited,INE066P01011,NIFTY SMALLCAP 250,inox wind
BLUEDART,BLUEDARTEQN,Blue Dart Express Limited,INE233B08087,NIFTY SMALLCAP 250,blue dart express
CLEAN,CLEANEQN,Clean Science and Technology Limited,INE227W01023,NIFTY SMALLCAP 250,clean science and technology
FINPIPE,FINPIPEEQN,Finolex Industries Limited,INE183A01024,NIFTY SMALLCAP 250,finolex industries
KSB,KSBEQN,Ksb Limited,INE999A01023,NIFTY SMALLCAP 250,ksb
ENGINERSIN,ENGINERSINEQN,Engineers India Limited,INE510A01028,NIFTY SMALLCAP 250,engineers india
PNCINFRA,PNCINFRAEQN,PNC Infratech Limited,INE195J01029,NIFTY SMALLCAP 250,pnc infratech
BALAMINES,BALAMINESEQN,Balaji Amines Limited,INE050E01027,NIFTY SMALLCAP 250,balaji amines
SAREGAMA,SAREGAMAEQN,Saregama India Limited,INE979A01025,NIFTY SMALLCAP 250,saregama india
PRSMJOHNSN,PRSMJOHNSNEQN,Prism Johnson Limited,INE010A01011,NIFTY SMALLCAP 250,prism johnson
EIDPARRY,EIDPARRYEQN,EID Parry India Limited,INE126A01031,NIFTY SMALLCAP 250,eid parry india
CHEMPLASTS,CHEMPLASTSEQN,Chemplast Sanmar Limited,INE488A01050,NIFTY SMALLCAP 250,chemplast sanmar
MEDPLUS,MEDPLUSEQN,Medplus Health Services Limited,INE804L01022,NIFTY SMALLCAP 250,medplus health services
SAPPHIRE,SAPPHIREEQN,Sapphire Foods India Limited,INE806T01020,NIFTY SMALLCAP 250,sapphire foods india
AETHER,AETHEREQN,Aether Industries Limited,INE0BWX01014,NIFTY SMALLCAP 250,aether industries
MAHLIFE,MAHLIFEEQN,Mahindra Lifespace Developers Limited,INE813A01018,NIFTY SMALLCAP 250,mahindra lifespace developers
SUNTECK,SUNTECKEQN,Sunteck Realty Limited,INE805D01034,NIFTY SMALLCAP 250,sunteck realty
HEG,HEGEQN,HEG Limited,INE545A01016,NIFTY SMALLCAP 250,heg
WESTLIFE,WESTLIFEEQN,WESTLIFE FOODWORLD LIMITED,INE274F01020,NIFTY SMALLCAP 250,westlife foodworld
ASAHIINDIA,ASAHIINDIAEQN,Asahi India Glass Limited,INE439A01020,NIFTY SMALLCAP 250,asahi india glass
DCMSHRIRAM,DCMSHRIRAMEQN,DCM Shriram Limited,INE499A01024,NIFTY SMALLCAP 250,dcm shriram
SPARC,SPARCEQN,Sun Pharma Advanced Research Company Limited,IN9232I01012,NIFTY SMALLCAP 250,sun pharma advanced research
VGUARD,VGUARDEQN,V-Guard Industries Limited,INE951I01027,NIFTY SMALLCAP 250,vguard industries
RAINBOW,RAINBOWEQN,Rainbow Childrens Medicare Limited,INE961O01016,NIFTY SMALLCAP 250,rainbow childrens medicare
KIMS,KIMSEQN,Krishna Institute of Medical Sciences Limited,INE967H01017,NIFTY SMALLCAP 250,krishna institute of medical sciences
JMFINANCIL,JMFINANCILEQN,JM Financial Limited,INE780C01023,NIFTY SMALLCAP 250,jm financial
CERA,CERAEQN,Cera Sanitaryware Limited,INE739E01017,NIFTY SMALLCAP 250,cera sanitaryware
CHOLAHLDNG,CHOLAHLDNGEQN,Cholamandalam Financial Holdings Limited,INE149A01033,NIFTY SMALLCAP 250,cholamandalam financial holdings
KRBL,KRBLEQN,KRBL Limited,INE001B01026,NIFTY SMALLCAP 250,krbl
DOMS,DOMSEQN,DOMS Industries Limited,INE321T01012,NIFTY SMALLCAP 250,doms industries
VTL,VTLEQN,Vardhman Textiles Limited,INE825A01020,NIFTY SMALLCAP 250,vardhman textiles
INDIACEM,INDIACEMEQN,The India Cements Limited,INE383A01012,NIFTY SMALLCAP 250,the india cements
GPIL,GPILEQN,Godawari Power And Ispat limited,INE177H01021,NIFTY SMALLCAP 250,godawari power and ispat
SAFARI,SAFARIEQN,Safari Industries (India) Limited,INE429E01023,NIFTY SMALLCAP 250,safari industries india
NUVOCO,NUVOCOEQN,Nuvoco Vistas Corporation Limited,INE118D01016,NIFTY SMALLCAP 250,nuvoco vistas corporation
ELGIEQUIP,ELGIEQUIPEQN,Elgi Equipments Limited,IN9285A01033,NIFTY SMALLCAP 250,elgi equipments
SANOFI,SANOFIEQN,Sanofi India Limited,INE058A01010,NIFTY SMALLCAP 250,sanofi india
ASTRAZEN,ASTRAZENEQN,AstraZeneca Pharma India Limited,INE203A01020,NIFTY SMALLCAP 250,astrazeneca pharma india
RHIM,RHIMEQN,RHI MAGNESITA INDIA LIMITED,INE743M01012,NIFTY SMALLCAP 250,rhi magnesita india
ROUTE,ROUTEEQN,ROUTE MOBILE LIMITED,INE450U01017,NIFTY SMALLCAP 250,route mobile
POLYMED,POLYMEDEQN,Poly Medicure Limited,INE205C01021,NIFTY SMALLCAP 250,poly medicure
CGCL,CGCLEQN,Capri Global Capital Limited,INE180C01042,NIFTY SMALLCAP 250,capri global capital
METROPOLIS,METROPOLISEQN,Metropolis Healthcare Limited,INE112L01020,NIFTY SMALLCAP 250,metropolis healthcare
CENTURYPLY,CENTURYPLYEQN,Century Plyboards (India) Limited,INE348B01021,NIFTY SMALLCAP 250,century plyboards india
CONCORDBIO,CONCORDBIOEQN,Concord Biotech Limited,INE338H01029,NIFTY SMALLCAP 250,concord biotech
KPIL,KPILEQN,Kalpataru Projects International Limited,INE220B01022,NIFTY SMALLCAP 250,kalpataru projects international
JWL,JWLEQN,Jupiter Wagons Limited,INE209L01016,NIFTY SMALLCAP 250,jupiter wagons
ANURAS,ANURASEQN,Anupam Rasayan India Limited,INE930P13013,NIFTY SMALLCAP 250,anupam rasayan india
ANANDRATHI,ANANDRATHIEQN,Anand Rathi Wealth Limited,INE463V01026,NIFTY SMALLCAP 250,anand rathi wealth
BORORENEW,BORORENEWEQN,BOROSIL RENEWABLES LIMITED,INE666D01022,NIFTY SMALLCAP 250,borosil renewables
LEMONTREE,LEMONTREEEQN,Lemon Tree Hotels Limited,INE970X01018,NIFTY SMALLCAP 250,lemon tree hotels
SOBHA,SOBHAEQN,Sobha Limited,INE671H01015,NIFTY SMALLCAP 250,sobha
MAPMYINDIA,MAPMYINDIAEQN,C.E. Info Systems Limited,INE0BV301023,NIFTY SMALLCAP 250,ce info systems
SYRMA,SYRMAEQN,Syrma SGS Technology Limited,INE0DYJ01015,NIFTY SMALLCAP 250,syrma sgs technology
MHRIL,MHRILEQN,Mahindra Holidays & Resorts India Limited,INE998I01010,NIFTY SMALLCAP 250,mahindra holidays resorts india
GILLETTE,GILLETTEEQN,Gillette India Limited,INE322A01010,NIFTY SMALLCAP 250,gillette india
WHIRLPOOL,WHIRLPOOLEQN,Whirlpool of India Limited,INE716A01013,NIFTY SMALLCAP 250,whirlpool of india
LATENTVIEW,LATENTVIEWEQN,Latent View Analytics Limited,INE0I7C01011,NIFTY SMALLCAP 250,latent view analytics
APTUS,APTUSEQN,Aptus Value Housing Finance India Limited,INE852O01025,NIFTY SMALLCAP 250,aptus value housing finance india
NUVAMA,NUVAMAEQN,Nuvama Wealth Management Limited,INE531F01015,NIFTY SMALLCAP 250,nuvama wealth management
CSBBANK,CSBBANKEQN,CSB Bank Limited,INE679A01013,NIFTY SMALLCAP 250,csb bank
ACI,ACIEQN,Archean Chemical Industries Limited,INE128X01021,NIFTY SMALLCAP 250,archean chemical industries
AVANTIFEED,AVANTIFEEDEQN,Avanti Feeds Limited,INE871C01038,NIFTY SMALLCAP 250,avanti feeds
KAYNES,KAYNESEQN,Kaynes Technology India Limited,INE918Z01012,NIFTY SMALLCAP 250,kaynes technology india
PRINCEPIPE,PRINCEPIPEEQN,Prince Pipes And Fittings Limited,INE689W01016,NIFTY SMALLCAP 250,prince pipes and fittings
MASTEK,MASTEKEQN,Mastek Limited,INE759A01021,NIFTY SMALLCAP 250,mastek
ALLCARGO,ALLCARGOEQN,Allcargo Logistics Limited,INE418H01029,NIFTY SMALLCAP 250,allcargo logistics
CRAFTSMAN,CRAFTSMANEQN,Craftsman Automation Limited,INE00LO01017,NIFTY SMALLCAP 250,craftsman automation
ACE,ACEEQN,Action Construction Equipment Limited,INE731H01025,NIFTY SMALLCAP 250,action construction equipment
ERIS,ERISEQN,Eris Lifesciences Limited,INE406M01024,NIFTY SMALLCAP 250,eris lifesciences
JKLAKSHMI,JKLAKSHMIEQN,JK Lakshmi Cement Limited,INE786A01032,NIFTY SMALLCAP 250,jk lakshmi cement
ELECON,ELECONEQN,Elecon Engineering Company Limited,INE205B01031,NIFTY SMALLCAP 250,elecon engineering
EPL,EPLEQN,EPL Limited,INE255A01020,NIFTY SMALLCAP 250,epl
HAPPYFORGE,HAPPYFORGEEQN,Happy Forgings Limited,INE330T01021,NIFTY SMALLCAP 250,happy forgings
KFINTECH,KFINTECHEQN,Kfin Technologies Limited,INE138Y01010,NIFTY SMALLCAP 250,kfin technologies
EIHOTEL,EIHOTELEQN,EIH Limited,INE230A01023,NIFTY SMALLCAP 250,eih
JUSTDIAL,JUSTDIALEQN,Just Dial Limited,INE599M01018,NIFTY SMALLCAP 250,just dial
POWERINDIA,POWERINDIAEQN,Hitachi Energy India Limited,INE07Y701011,NIFTY SMALLCAP 250,hitachi energy india
MTARTECH,MTARTECHEQN,Mtar Technologies Limited,INE864I01014,NIFTY SMALLCAP 250,mtar technologies
KNRCON,KNRCONEQN,KNR Constructions Limited,INE634I01029,NIFTY SMALLCAP 250,knr constructions
RAJESHEXPO,RAJESHEXPOEQN,Rajesh Exports Limited,INE343B01030,NIFTY SMALLCAP 250,rajesh exports
ECLERX,ECLERXEQN,eClerx Services Limited,INE738I01010,NIFTY SMALLCAP 250,eclerx services
RBA,RBAEQN,Restaurant Brands Asia Limited,INE07T201019,NIFTY SMALLCAP 250,restaurant brands asia
CELLO,CELLOEQN,Cello World Limited,INE0LMW01024,NIFTY SMALLCAP 250,cello world
GAEL,GAELEQN,Gujarat Ambuja Exports Limited,INE036B01030,NIFTY SMALLCAP 250,gujarat ambuja exports
GRANULES,GRANULESEQN,Granules India Limited,INE101D01020,NIFTY SMALLCAP 250,granules india
MOTILALOFS,MOTILALOFSEQN,Motilal Oswal Financial Services Limited,INE338I01027,NIFTY SMALLCAP 250,motilal oswal financial services
CHALET,CHALETEQN,Chalet Hotels Limited,INE427F01016,NIFTY SMALLCAP 250,chalet hotels
BIRLACORPN,BIRLACORPNEQN,Birla Corporation Limited,INE340A01012,NIFTY SMALLCAP 250,birla corporation
RAILTEL,RAILTELEQN,Railtel Corporation Of India Limited,INE0DD101019,NIFTY SMALLCAP 250,railtel corporation of india
SIGNATURE,SIGNATUREEQN,Signatureglobal (India) Limited,INE903U01023,NIFTY SMALLCAP 250,signatureglobal india
MAHSEAMLES,MAHSEAMLESEQN,Maharashtra Seamless Limited,INE271B01025,NIFTY SMALLCAP 250,maharashtra seamless
DEEPAKFERT,DEEPAKFERTEQN,Deepak Fertilizers and Petrochemicals Corporation Limited,INE501A01019,NIFTY SMALLCAP 250,deepak fertilizers and petrochemicals corporation
STLTECH,STLTECHEQN,Sterlite Technologies Limited,INE089C01029,NIFTY SMALLCAP 250,sterlite technologies
NETWORK18,NETWORK18EQN,Network18 Media & Investments Limited,IN9870H03017,NIFTY SMALLCAP 250,network18 media investments
VAIBHAVGBL,VAIBHAVGBLEQN,Vaibhav Global Limited,INE884A01027,NIFTY SMALLCAP 250,vaibhav global
SBFC,SBFCEQN,SBFC Finance Limited,INE423Y01016,NIFTY SMALLCAP 250,sbfc finance
360ONE,360ONEEQN,360 ONE WAM LIMITED,INE466L01038,NIFTY SMALLCAP 250,360 one wam
SCHNEIDER,SCHNEIDEREQN,Schneider Electric Infrastructure Limited,INE839M01018,NIFTY SMALLCAP 250,schneider electric infrastructure
QUESS,QUESSEQN,Quess Corp Limited,INE615P01015,NIFTY SMALLCAP 250,quess corp
WELCORP,WELCORPEQN,Welspun Corp Limited,INE191B01025,NIFTY SMALLCAP 250,welspun corp
CAMPUS,CAMPUSEQN,Campus Activewear Limited,INE278Y01022,NIFTY SMALLCAP 250,campus activewear
HBLPOWER,HBLPOWEREQN,HBL Power Systems Limited,INE292B01021,NIFTY SMALLCAP 250,hbl power systems
BBTC,BBTCEQN,Bombay Burmah Trading Corporation Limited,INE050A01025,NIFTY SMALLCAP 250,bombay burmah trading corporation
RTNINDIA,RTNINDIAEQN,RattanIndia Enterprises Limited,INE834M01019,NIFTY SMALLCAP 250,rattanindia enterprises
BIKAJI,BIKAJIEQN,Bikaji Foods International Limited,INE00E101023,NIFTY SMALLCAP 250,bikaji foods international
GPPL,GPPLEQN,Gujarat Pipavav Port Limited,INE517F01014,NIFTY SMALLCAP 250,gujarat pipavav port
PCBL,PCBLEQN,PCBL LIMITED,INE602A01031,NIFTY SMALLCAP 250,pcbl
TVSSCS,TVSSCSEQN,TVS Supply Chain Solutions Limited,INE395N01027,NIFTY SMALLCAP 250,tvs supply chain solutions
MMTC,MMTCEQN,MMTC Limited,INE123F01029,NIFTY SMALLCAP 250,mmtc
TRIVENI,TRIVENIEQN,Triveni Engineering & Industries Limited,INE256C01024,NIFTY SMALLCAP 250,triveni engineering industries
BEML,BEMLEQN,BEML Limited,INE258A01016,NIFTY SMALLCAP 250,beml
GSFC,GSFCEQN,Gujarat State Fertilizers & Chemicals Limited,INE026A01025,NIFTY SMALLCAP 250,gujarat state fertilizers chemicals
HOMEFIRST,HOMEFIRSTEQN,Home First Finance Company India Limited,INE481N01025,NIFTY SMALLCAP 250,home first finance india
SWSOLAR,SWSOLAREQN,Sterling and Wilson Renewable Energy Limited,INE00M201021,NIFTY SMALLCAP 250,sterling and wilson renewable energy
CCL,CCLEQN,CCL Products (India) Limited,INE421D01022,NIFTY SMALLCAP 250,ccl products india
TV18BRDCST,TV18BRDCSTEQN,TV18 Broadcast Limited,IN9886H01017,NIFTY SMALLCAP 250,tv18 broadcast
JINDALSAW,JINDALSAWEQN,Jindal Saw Limited,INE324A01024,NIFTY SMALLCAP 250,jindal saw
VIJAYA,VIJAYAEQN,Vijaya Diagnostic Centre Limited,INE043W01024,NIFTY SMALLCAP 250,vijaya diagnostic centre
JKPAPER,JKPAPEREQN,JK Paper Limited,INE789E01012,NIFTY SMALLCAP 250,jk paper
BALRAMCHIN,BALRAMCHINEQN,Balrampur Chini Mills Limited,INE119A01028,NIFTY SMALLCAP 250,balrampur chini mills
VIPIND,VIPINDEQN,VIP Industries Limited,INE054A01027,NIFTY SMALLCAP 250,vip industries
JUBLINGREA,JUBLINGREAEQN,Jubilant Ingrevia Limited,INE0BY001018,NIFTY SMALLCAP 250,jubilant ingrevia
SAMMAANCAP,SAMMAANCAPEQN,Sammaan Capital Limited,INE148I07KT8,NIFTY SMALLCAP 250,sammaan capital
RCF,RCFEQN,Rashtriya Chemicals and Fertilizers Limited,INE027A01015,NIFTY SMALLCAP 250,rashtriya chemicals and fertilizers
APLLTD,APLLTDEQN,Alembic Pharmaceuticals Limited,INE901L01018,NIFTY SMALLCAP 250,alembic pharmaceuticals
VARROC,VARROCEQN,Varroc Engineering Limited,INE665L01035,NIFTY SMALLCAP 250,varroc engineering
AEGISLOG,AEGISLOGEQN,Aegis Logistics Limited,INE208C01025,NIFTY SMALLCAP 250,aegis logistics
GRSE,GRSEEQN,Garden Reach Shipbuilders & Engineers Limited,INE382Z01011,NIFTY SMALLCAP 250,garden reach shipbuilders engineers
INDIGOPNTS,INDIGOPNTSEQN,Indigo Paints Limited,INE09VQ01012,NIFTY SMALLCAP 250,indigo paints
CAPLIPOINT,CAPLIPOINTEQN,Caplin Point Laboratories Limited,INE475E01026,NIFTY SMALLCAP 250,caplin point laboratories
CHENNPETRO,CHENNPETROEQN,Chennai Petroleum Corporation Limited,INE178A01016,NIFTY SMALLCAP 250,chennai petroleum corporation
MINDACORP,MINDACORPEQN,Minda Corporation Limited,INE842C01021,NIFTY SMALLCAP 250,minda corporation
EASEMYTRIP,EASEMYTRIPEQN,Easy Trip Planners Limited,INE07O001026,NIFTY SMALLCAP 250,easy trip planners
BECTORFOOD,BECTORFOODEQN,Mrs. Bectors Food Specialities Limited,INE495P01012,NIFTY TOTAL MARKET,mrs bectors food specialities
BLUEJET,BLUEJETEQN,Blue Jet Healthcare Limited,INE0KBH01020,NIFTY TOTAL MARKET,blue jet healthcare
GALAXYSURF,GALAXYSURFEQN,Galaxy Surfactants Limited,INE600K01018,NIFTY TOTAL MARKET,galaxy surfactants
DREAMFOLKS,DREAMFOLKSEQN,Dreamfolks Services Limited,INE0JS101016,NIFTY TOTAL MARKET,dreamfolks services
OPTIEMUS,OPTIEMUSEQN,Optiemus Infracom Limited,INE350C01017,NIFTY TOTAL MARKET,optiemus infracom
SINDHUTRAD,SINDHUTRADEQN,Sindhu Trade Links Limited,INE325D01025,NIFTY TOTAL MARKET,sindhu trade links
NESCO,NESCOEQN,Nesco Limited,INE317F01035,NIFTY TOTAL MARKET,nesco
LAOPALA,LAOPALAEQN,La Opala RG Limited,INE059D01020,NIFTY TOTAL MARKET,la opala rg
GLOBUSSPR,GLOBUSSPREQN,Globus Spirits Limited,INE615I01010,NIFTY TOTAL MARKET,globus spirits
PGEL,PGELEQN,PG Electroplast Limited,INE457L01029,NIFTY TOTAL MARKET,pg electroplast
VRLLOG,VRLLOGEQN,VRL Logistics Limited,INE366I01010,NIFTY TOTAL MARKET,vrl logistics
CARERATING,CARERATINGEQN,CARE Ratings Limited,INE752H01013,NIFTY TOTAL MARKET,care ratings
SPLPETRO,SPLPETROEQN,Supreme Petrochem Limited,INE663A01033,NIFTY TOTAL MARKET,supreme petrochem
MARKSANS,MARKSANSEQN,Marksans Pharma Limited,INE750C01026,NIFTY TOTAL MARKET,marksans pharma
DELTACORP,DELTACORPEQN,Delta Corp Limited,INE124G01033,NIFTY TOTAL MARKET,delta corp
ACCELYA,ACCELYAEQN,Accelya Solutions India Limited,INE793A01012,NIFTY TOTAL MARKET,accelya solutions india
SUPRIYA,SUPRIYAEQN,Supriya Lifescience Limited,INE07RO01027,NIFTY TOTAL MARKET,supriya lifescience
GRINFRA,GRINFRAEQN,G R Infraprojects Limited,INE201P01022,NIFTY TOTAL MARKET,g r infraprojects
RELINFRA,RELINFRAEQN,Reliance Infrastructure Limited,INE036A01016,NIFTY TOTAL MARKET,reliance infrastructure
TARSONS,TARSONSEQN,Tarsons Products Limited,INE144Z01023,NIFTY TOTAL MARKET,tarsons products
SANDUMA,SANDUMAEQN,Sandur Manganese & Iron Ores Limited,INE149K01016,NIFTY TOTAL MARKET,sandur manganese iron ores
WABAG,WABAGEQN,VA Tech Wabag Limited,INE956G01038,NIFTY TOTAL MARKET,va tech wabag
AARTIPHARM,AARTIPHARMEQN,Aarti Pharmalabs Limited,INE0LRU01027,NIFTY TOTAL MARKET,aarti pharmalabs
ASHOKA,ASHOKAEQN,Ashoka Buildcon Limited,INE442H01029,NIFTY TOTAL MARKET,ashoka buildcon
VSTTILLERS,VSTTILLERSEQN,V.S.T Tillers Tractors Limited,INE764D01017,NIFTY TOTAL MARKET,vst tillers tractors
YATHARTH,YATHARTHEQN,Yatharth Hospital & Trauma Care Services Limited,INE0JO301016,NIFTY TOTAL MARKET,yatharth hospital trauma care services
FCL,FCLEQN,Fineotex Chemical Limited,INE045J01026,NIFTY TOTAL MARKET,fineotex chemical
NUCLEUS,NUCLEUSEQN,Nucleus Software Exports Limited,INE096B01018,NIFTY TOTAL MARKET,nucleus software exports
GUJALKALI,GUJALKALIEQN,Gujarat Alkalies and Chemicals Limited,INE186A01019,NIFTY TOTAL MARKET,gujarat alkalies and chemicals
NEULANDLAB,NEULANDLABEQN,Neuland Laboratories Limited,INE794A01010,NIFTY TOTAL MARKET,neuland laboratories
STAR,STAREQN,Strides Pharma Science Limited,INE939A01011,NIFTY TOTAL MARKET,strides pharma science
SPANDANA,SPANDANAEQN,Spandana Sphoorty Financial Limited,INE572J01011,NIFTY TOTAL MARKET,spandana sphoorty financial
KSL,KSLEQN,Kalyani Steels Limited,INE907A01026,NIFTY TOTAL MARKET,kalyani steels
PARADEEP,PARADEEPEQN,Paradeep Phosphates Limited,INE088F01024,NIFTY TOTAL MARKET,paradeep phosphates
KSCL,KSCLEQN,Kaveri Seed Company Limited,INE455I01029,NIFTY TOTAL MARKET,kaveri seed
TEGA,TEGAEQN,Tega Industries Limited,INE011K01018,NIFTY TOTAL MARKET,tega industries
INGERRAND,INGERRANDEQN,Ingersoll Rand (India) Limited,INE177A01018,NIFTY TOTAL MARKET,ingersoll rand india
IKIO,IKIOEQN,IKIO Lighting Limited,INE0LOJ01019,NIFTY TOTAL MARKET,ikio lighting
IFBIND,IFBINDEQN,IFB Industries Limited,INE559A01017,NIFTY TOTAL MARKET,ifb industries
NAVA,NAVAEQN,NAVA LIMITED,INE725A01022,NIFTY TOTAL MARKET,nava
INOXINDIA,INOXINDIAEQN,INOX India Limited,INE616N01034,NIFTY TOTAL MARKET,inox india
PSPPROJECT,PSPPROJECTEQN,PSP Projects Limited,INE488V01015,NIFTY TOTAL MARKET,psp projects
NOCIL,NOCILEQN,NOCIL Limited,INE163A01018,NIFTY TOTAL MARKET,nocil
GUFICBIO,GUFICBIOEQN,Gufic Biosciences Limited,INE742B01025,NIFTY TOTAL MARKET,gufic biosciences
BASF,BASFEQN,BASF India Limited,INE373A01013,NIFTY TOTAL MARKET,basf india
SFL,SFLEQN,Sheela Foam Limited,INE916U01025,NIFTY TOTAL MARKET,sheela foam
SSWL,SSWLEQN,Steel Strips Wheels Limited,INE802C01033,NIFTY TOTAL MARKET,steel strips wheels
FIEMIND,FIEMINDEQN,Fiem Industries Limited,INE737H01014,NIFTY TOTAL MARKET,fiem industries
NEWGEN,NEWGENEQN,Newgen Software Technologies Limited,INE619B01017,NIFTY TOTAL MARKET,newgen software technologies
BARBEQUE,BARBEQUEEQN,Barbeque Nation Hospitality Limited,INE382M01027,NIFTY TOTAL MARKET,barbeque nation hospitality
TIDEWATER,TIDEWATEREQN,Tide Water Oil Company (India) Limited,INE484C01030,NIFTY TOTAL MARKET,tide water oil india
TDPOWERSYS,TDPOWERSYSEQN,TD Power Systems Limited,INE419M01027,NIFTY TOTAL MARKET,td power systems
BANCOINDIA,BANCOINDIAEQN,Banco Products (I) Limited,INE213C01025,NIFTY TOTAL MARKET,banco products i
HEIDELBERG,HEIDELBERGEQN,HeidelbergCement India Limited,INE578A01017,NIFTY TOTAL MARKET,heidelbergcement india
INFIBEAM,INFIBEAMEQN,Infibeam Avenues Limited,INE483S01020,NIFTY TOTAL MARKET,infibeam avenues
KOLTEPATIL,KOLTEPATILEQN,Kolte - Patil Developers Limited,INE094I01018,NIFTY TOTAL MARKET,kolte patil developers
GOCOLORS,GOCOLORSEQN,Go Fashion (India) Limited,INE0BJS01011,NIFTY TOTAL MARKET,go fashion india
MOIL,MOILEQN,MOIL Limited,INE490G01020,NIFTY TOTAL MARKET,moil
SANGHIIND,SANGHIINDEQN,Sanghi Industries Limited,INE999B01013,NIFTY TOTAL MARKET,sanghi industries
KIRLOSENG,KIRLOSENGEQN,Kirloskar Oil Engines Limited,INE146L01010,NIFTY TOTAL MARKET,kirloskar oil engines
CIGNITITEC,CIGNITITECEQN,Cigniti Technologies Limited,INE675C01017,NIFTY TOTAL MARKET,cigniti technologies
GANESHHOUC,GANESHHOUCEQN,Ganesh Housing Corporation Limited,INE460C01014,NIFTY TOTAL MARKET,ganesh housing corporation
MUTHOOTMF,MUTHOOTMFEQN,Muthoot Microfin Limited,INE046W01019,NIFTY TOTAL MARKET,muthoot microfin
JYOTICNC,JYOTICNCEQN,Jyoti CNC Automation Limited,INE980O01024,NIFTY TOTAL MARKET,jyoti cnc automation
SUNCLAY,SUNCLAYEQN,Sundaram Clayton Limited,INE0Q3R01026,NIFTY TOTAL MARKET,sundaram clayton
FUSION,FUSIONEQN,Fusion Micro Finance Limited,INE139R01012,NIFTY TOTAL MARKET,fusion micro finance
DCXINDIA,DCXINDIABEN,DCX Systems Limited,INE0KL801015,NIFTY TOTAL MARKET,dcx systems
STYLAMIND,STYLAMINDEQN,Stylam Industries Limited,INE239C01020,NIFTY TOTAL MARKET,stylam industries
GATEWAY,GATEWAYEQN,Gateway Distriparks Limited,INE079J01017,NIFTY TOTAL MARKET,gateway distriparks
IONEXCHANG,IONEXCHANGEQN,ION Exchange (India) Limited,INE570A01022,NIFTY TOTAL MARKET,ion exchange india
AGI,AGIEQN,AGI Greenpac Limited,INE415A01038,NIFTY TOTAL MARKET,agi greenpac
ETHOSLTD,ETHOSLTDEQN,Ethos Limited,INE04TZ01018,NIFTY TOTAL MARKET,ethos
SHOPERSTOP,SHOPERSTOPEQN,Shoppers Stop Limited,INE498B01024,NIFTY TOTAL MARKET,shoppers stop
ROSSARI,ROSSARIEQN,Rossari Biotech Limited,INE02A801020,NIFTY TOTAL MARKET,rossari biotech
SULA,SULAEQN,Sula Vineyards Limited,INE142Q01026,NIFTY TOTAL MARKET,sula vineyards
JKIL,JKILEQN,J.Kumar Infraprojects Limited,INE576I01022,NIFTY TOTAL MARKET,jkumar infraprojects
SUPRAJIT,SUPRAJITEQN,Suprajit Engineering Limited,INE399C01030,NIFTY TOTAL MARKET,suprajit engineering
ASKAUTOLTD,ASKAUTOLTDEQN,ASK Automotive Limited,INE491J01022,NIFTY TOTAL MARKET,ask automotive
CMSINFO,CMSINFOEQN,CMS Info Systems Limited,INE925R01014,NIFTY TOTAL MARKET,cms info systems
MASFIN,MASFINEQN,MAS Financial Services Limited,INE348L01012,NIFTY TOTAL MARKET,mas financial services
JLHL,JLHLEQN,Jupiter Life Line Hospitals Limited,INE682M01012,NIFTY TOTAL MARKET,jupiter life line hospitals
ISGEC,ISGECEQN,Isgec Heavy Engineering Limited,INE858B01029,NIFTY TOTAL MARKET,isgec heavy engineering
KALAMANDIR,KALAMANDIREQN,Sai Silks (Kalamandir) Limited,INE438K01021,NIFTY TOTAL MARKET,sai silks kalamandir
BALMLAWRIE,BALMLAWRIEEQN,Balmer Lawrie & Company Limited,INE164A01016,NIFTY TOTAL MARKET,balmer lawrie
BOMDYEING,BOMDYEINGEQN,Bombay Dyeing & Mfg Company Limited,INE032A01023,NIFTY TOTAL MARKET,bombay dyeing mfg
SUNFLAG,SUNFLAGEQN,Sunflag Iron And Steel Company Limited,INE947A01014,NIFTY TOTAL MARKET,sunflag iron and steel
SENCO,SENCOEQN,Senco Gold Limited,INE602W01019,NIFTY TOTAL MARKET,senco gold
TVSHLTD,TVSHLTDEQN,TVS Holdings Limited,INE105A04013,NIFTY TOTAL MARKET,tvs holdings
PAISALO,PAISALOEQN,Paisalo Digital Limited,INE420C01059,NIFTY TOTAL MARKET,paisalo digital
FLAIR,FLAIREQN,Flair Writing Industries Limited,INE00Y201027,NIFTY TOTAL MARKET,flair writing industries
HMAAGRO,HMAAGROEQN,HMA Agro Industries Limited,INE0ECP01024,NIFTY TOTAL MARKET,hma agro industries
EMUDHRA,EMUDHRAEQN,eMudhra Limited,INE01QM01018,NIFTY TOTAL MARKET,emudhra
WSTCSTPAPR,WSTCSTPAPREQN,West Coast Paper Mills Limited,INE976A01021,NIFTY TOTAL MARKET,west coast paper mills
GREENPANEL,GREENPANELEQN,Greenpanel Industries Limited,INE08ZM01014,NIFTY TOTAL MARKET,greenpanel industries
VMART,VMARTEQN,V-Mart Retail Limited,INE665J01013,NIFTY TOTAL MARKET,vmart retail
ORIENTELEC,ORIENTELECEQN,Orient Electric Limited,INE142Z01019,NIFTY TOTAL MARKET,orient electric
WONDERLA,WONDERLAEQN,Wonderla Holidays Limited,INE066O01014,NIFTY TOTAL MARKET,wonderla holidays
LLOYDSENGG,LLOYDSENGGEQN,LLOYDS ENGINEERING WORKS LIMITED,INE093R01011,NIFTY TOTAL MARKET,lloyds engineering works
ZYDUSWELL,ZYDUSWELLEQN,Zydus Wellness Limited,INE768C01010,NIFTY TOTAL MARKET,zydus wellness
NETWEB,NETWEBEQN,Netweb Technologies India Limited,INE0NT901020,NIFTY TOTAL MARKET,netweb technologies india
UNIPARTS,UNIPARTSEQN,Uniparts India Limited,INE244O01017,NIFTY TOTAL MARKET,uniparts india
HINDWAREAP,HINDWAREAPEQN,Hindware Home Innovation Limited,INE05AN01011,NIFTY TOTAL MARKET,hindware home innovation
AHLUCONT,AHLUCONTEQN,Ahluwalia Contracts (India) Limited,INE758C01029,NIFTY TOTAL MARKET,ahluwalia contracts india
VOLTAMP,VOLTAMPEQN,Voltamp Transformers Limited,INE540H01012,NIFTY TOTAL MARKET,voltamp transformers
TTKPRESTIG,TTKPRESTIGEQN,TTK Prestige Limited,INE690A01028,NIFTY TOTAL MARKET,ttk prestige
PRICOLLTD,PRICOLLTDEQN,Pricol Limited,INE726V01018,NIFTY TOTAL MARKET,pricol
TEXRAIL,TEXRAILEQN,Texmaco Rail & Engineering Limited,INE621L01012,NIFTY TOTAL MARKET,texmaco rail engineering
ESAFSFB,ESAFSFBEQN,ESAF Small Finance Bank Limited,INE818W01011,NIFTY TOTAL MARKET,esaf small finance bank
MSTCLTD,MSTCLTDEQN,Mstc Limited,INE255X01014,NIFTY TOTAL MARKET,mstc
GREENPLY,GREENPLYEQN,Greenply Industries Limited,INE461C01038,NIFTY TOTAL MARKET,greenply industries
EMIL,EMILEQN,Electronics Mart India Limited,INE02YR01019,NIFTY TOTAL MARKET,electronics mart india
IPL,IPLEQN,India Pesticides Limited,INE0D6701023,NIFTY TOTAL MARKET,india pesticides
SARDAEN,SARDAENEQN,Sarda Energy & Minerals Limited,INE385C01021,NIFTY TOTAL MARKET,sarda energy minerals
IMFA,IMFAEQN,Indian Metals & Ferro Alloys Limited,INE919H01018,NIFTY TOTAL MARKET,indian metals ferro alloys
SURYAROSNI,SURYAROSNIEQN,Surya Roshni Limited,INE335A01020,NIFTY TOTAL MARKET,surya roshni
SBCL,SBCLEQN,Shivalik Bimetal Controls Limited,INE386D01027,NIFTY TOTAL MARKET,shivalik bimetal controls
UTKARSHBNK,UTKARSHBNKEQN,Utkarsh Small Finance Bank Limited,INE735W01017,NIFTY TOTAL MARKET,utkarsh small finance bank
NRBBEARING,NRBBEARINGEQN,NRB Bearing Limited,INE349A01021,NIFTY TOTAL MARKET,nrb bearing
SOUTHBANK,SOUTHBANKEQN,The South Indian Bank Limited,INE683A01023,NIFTY TOTAL MARKET,the south indian bank
MAITHANALL,MAITHANALLEQN,Maithan Alloys Limited,INE683C01011,NIFTY TOTAL MARKET,maithan alloys
JKTYRE,JKTYREEQN,JK Tyre & Industries Limited,INE573A01042,NIFTY TOTAL MARKET,jk tyre industries
NIITMTS,NIITMTSEQN,NIIT Learning Systems Limited,INE342G01023,NIFTY TOTAL MARKET,niit learning systems
DCBBANK,DCBBANKEQN,DCB Bank Limited,INE503A01015,NIFTY TOTAL MARKET,dcb bank
CAMLINFINE,CAMLINFINEEQN,Camlin Fine Sciences Limited,INE052I01032,NIFTY TOTAL MARKET,camlin fine sciences
KESORAMIND,KESORAMINDEQN,Kesoram Industries Limited,INE087A01019,NIFTY TOTAL MARKET,kesoram industries
SAGCEM,SAGCEMEQN,Sagar Cements Limited,INE229C01021,NIFTY TOTAL MARKET,sagar cements
STARCEMENT,STARCEMENTEQN,Star Cement Limited,INE460H01021,NIFTY TOTAL MARKET,star cement
GREAVESCOT,GREAVESCOTEQN,Greaves Cotton Limited,INE224A01026,NIFTY TOTAL MARKET,greaves cotton
TARC,TARCBEN,Anant Raj Global Limited,INE0EK901012,NIFTY TOTAL MARKET,anant raj global
ADVENZYMES,ADVENZYMESEQN,Advanced Enzyme Technologies Limited,INE837H01020,NIFTY TOTAL MARKET,advanced enzyme technologies
ARVIND,ARVINDEQN,Arvind Limited,INE034A01011,NIFTY TOTAL MARKET,arvind
INDIASHLTR,INDIASHLTREQN,India Shelter Finance Corporation Limited,INE922K01024,NIFTY TOTAL MARKET,india shelter finance corporation
RALLIS,RALLISEQN,Rallis India Limited,INE613A01020,NIFTY TOTAL MARKET,rallis india
CHOICEIN,CHOICEINEQN,Choice International Limited,INE102B01014,NIFTY TOTAL MARKET,choice international
MAHLOG,MAHLOGEQN,Mahindra Logistics Limited,INE766P01016,NIFTY TOTAL MARKET,mahindra logistics
TECHNOE,TECHNOEBEN,Techno Electric & Engineering Company Limited,INE285K01026,NIFTY TOTAL MARKET,techno electric engineering
LANDMARK,LANDMARKEQN,Landmark Cars Limited,INE559R01029,NIFTY TOTAL MARKET,landmark cars
RELIGARE,RELIGAREEQN,Religare Enterprises Limited,INE621H01010,NIFTY TOTAL MARKET,religare enterprises
MIDHANI,MIDHANIEQN,Mishra Dhatu Nigam Limited,INE099Z01011,NIFTY TOTAL MARKET,mishra dhatu nigam
RESPONIND,RESPONINDEQN,Responsive Industries Limited,INE688D01026,NIFTY TOTAL MARKET,responsive industries
ANANTRAJ,ANANTRAJEQN,Anant Raj Limited,INE242C01024,NIFTY TOTAL MARKET,anant raj
DODLA,DODLAEQN,Dodla Dairy Limited,INE021O01019,NIFTY TOTAL MARKET,dodla dairy
MANINFRA,MANINFRAEQN,Man Infraconstruction Limited,INE949H01023,NIFTY TOTAL MARKET,man infraconstruction
EPIGRAL,EPIGRALEQN,Epigral Limited,INE071N01016,NIFTY TOTAL MARKET,epigral
KPIGREEN,KPIGREENBEN,KPI Green Energy Limited,INE542W01025,NIFTY TOTAL MARKET,kpi green energy
IOLCP,IOLCPEQN,IOL Chemicals and Pharmaceuticals Limited,INE485C01011,NIFTY TOTAL MARKET,iol chemicals and pharmaceuticals
PTC,PTCEQN,PTC India Limited,INE877F01012,NIFTY TOTAL MARKET,ptc india
IDEAFORGE,IDEAFORGEEQN,Ideaforge Technology Limited,INE349Y01013,NIFTY TOTAL MARKET,ideaforge technology
FEDFINA,FEDFINAEQN,Fedbank Financial Services Limited,INE007N01010,NIFTY TOTAL MARKET,fedbank financial services
JUNIPER,JUNIPEREQN,Juniper Hotels Limited,INE696F01016,NIFTY TOTAL MARKET,juniper hotels
SEQUENT,SEQUENTEQN,Sequent Scientific Limited,INE807F01027,NIFTY TOTAL MARKET,sequent scientific
TIPSINDLTD,TIPSINDLTDEQN,TIPS Industries Limited,INE716B01029,NIFTY TOTAL MARKET,tips industries
TIRUMALCHM,TIRUMALCHMEQN,Thirumalai Chemicals Limited,INE338A01024,NIFTY TOTAL MARKET,thirumalai chemicals
KRSNAA,KRSNAAEQN,Krsnaa Diagnostics Limited,INE08LI01020,NIFTY TOTAL MARKET,krsnaa diagnostics
JINDWORLD,JINDWORLDEQN,Jindal Worldwide Limited,INE247D01039,NIFTY TOTAL MARKET,jindal worldwide
HATHWAY,HATHWAYEQN,Hathway Cable & Datacom Limited,INE982F01036,NIFTY TOTAL MARKET,hathway cable datacom
SAMHI,SAMHIEQN,Samhi Hotels Limited,INE08U801020,NIFTY TOTAL MARKET,samhi hotels
JSWHL,JSWHLEQN,JSW Holdings Limited,INE824G01012,NIFTY TOTAL MARKET,jsw holdings
ORISSAMINE,ORISSAMINEEQN,The Orissa Minerals Development Company Limited,INE725E01024,NIFTY TOTAL MARKET,the orissa minerals development
JAICORPLTD,JAICORPLTDEQN,Jai Corp Limited,INE070D01027,NIFTY TOTAL MARKET,jai corp
NAVNETEDUL,NAVNETEDULEQN,Navneet Education Limited,INE060A01024,NIFTY TOTAL MARKET,navneet education
DBCORP,DBCORPEQN,D.B.Corp Limited,INE950I01011,NIFTY TOTAL MARKET,dbcorp
ICIL,ICILEQN,Indo Count Industries Limited,INE483B01026,NIFTY TOTAL MARKET,indo count industries
RPOWER,RPOWEREQN,Reliance Power Limited,INE614G01033,NIFTY TOTAL MARKET,reliance power
DBREALTY,DBREALTYEQN,Valor Estate Limited,INE879I01012,NIFTY TOTAL MARKET,valor estate
PURVA,PURVABEN,Puravankara Limited,INE323I01011,NIFTY TOTAL MARKET,puravankara
RAIN,RAINEQN,Rain Industries Limited,INE855B01025,NIFTY TOTAL MARKET,rain industries
DALMIASUG,DALMIASUGEQN,Dalmia Bharat Sugar and Industries Limited,INE495A01022,NIFTY TOTAL MARKET,dalmia bharat sugar and industries
INDIAGLYCO,INDIAGLYCOEQN,India Glycols Limited,INE560A01015,NIFTY TOTAL MARKET,india glycols
HGINFRA,HGINFRAEQN,H.G. Infra Engineering Limited,INE926X01010,NIFTY TOTAL MARKET,hg infra engineering
CYIENTDLM,CYIENTDLMEQN,Cyient DLM Limited,INE055S01018,NIFTY TOTAL MARKET,cyient dlm
HLEGLAS,HLEGLASEQN,HLE Glascoat Limited,INE461D01028,NIFTY TOTAL MARKET,hle glascoat
JTEKTINDIA,JTEKTINDIAEQN,Jtekt India Limited,INE643A01035,NIFTY TOTAL MARKET,jtekt india
AMIORG,AMIORGEQN,Ami Organics Limited,INE00FF01017,NIFTY TOTAL MARKET,ami organics
DEN,DENEQN,Den Networks Limited,INE947J01015,NIFTY TOTAL MARKET,den networks
SANSERA,SANSERAEQN,Sansera Engineering Limited,INE953O01021,NIFTY TOTAL MARKET,sansera engineering
CONFIPET,CONFIPETEQN,Confidence Petroleum India Limited,INE552D01024,NIFTY TOTAL MARKET,confidence petroleum india
LGBBROSLTD,LGBBROSLTDEQN,LG Balakrishnan & Bros Limited,INE337A01034,NIFTY TOTAL MARKET,lg balakrishnan bros
HIKAL,HIKALEQN,Hikal Limited,INE475B01022,NIFTY TOTAL MARKET,hikal
JTLIND,JTLINDEQN,JTL INDUSTRIES LIMITED,INE391J01024,NIFTY TOTAL MARKET,jtl industries
SANGHVIMOV,SANGHVIMOVEQN,Sanghvi Movers Limited,INE989A01024,NIFTY TOTAL MARKET,sanghvi movers
GOKEX,GOKEXEQN,Gokaldas Exports Limited,INE887G01027,NIFTY TOTAL MARKET,gokaldas exports
PATELENG,PATELENGEQN,Patel Engineering Limited,INE244B01030,NIFTY TOTAL MARKET,patel engineering
DHANI,DHANIEQN,Dhani Services Limited,INE274G01010,NIFTY TOTAL MARKET,dhani services
KIRLOSBROS,KIRLOSBROSEQN,Kirloskar Brothers Limited,INE732A01036,NIFTY TOTAL MARKET,kirloskar brothers
SHARDAMOTR,SHARDAMOTREQN,Sharda Motor Industries Limited,INE597I01028,NIFTY TOTAL MARKET,sharda motor industries
RTNPOWER,RTNPOWERBEN,RattanIndia Power Limited,INE399K01017,NIFTY TOTAL MARKET,rattanindia power
HEMIPROP,HEMIPROPEQN,Hemisphere Properties India Limited,INE0AJG01018,NIFTY TOTAL MARKET,hemisphere properties india
KTKBANK,KTKBANKEQN,The Karnataka Bank Limited,INE614B01018,NIFTY TOTAL MARKET,the karnataka bank
AARTIDRUGS,AARTIDRUGSEQN,Aarti Drugs Limited,INE767A01016,NIFTY TOTAL MARKET,aarti drugs
JPPOWER,JPPOWEREQN,Jaiprakash Power Ventures Limited,INE351F01018,NIFTY TOTAL MARKET,jaiprakash power ventures
ASTRAMICRO,ASTRAMICROEQN,Astra Microwave Products Limited,INE386C01029,NIFTY TOTAL MARKET,astra microwave products
BAJAJHIND,BAJAJHINDEQN,Bajaj Hindusthan Sugar Limited,INE306A01021,NIFTY TOTAL MARKET,bajaj hindusthan sugar
BAJAJCON,BAJAJCONEQN,Bajaj Consumer Care Limited,INE933K01021,NIFTY TOTAL MARKET,bajaj consumer care
SHILPAMED,SHILPAMEDEQN,Shilpa Medicare Limited,INE790G01031,NIFTY TOTAL MARKET,shilpa medicare
GODREJAGRO,GODREJAGROEQN,Godrej Agrovet Limited,INE850D01014,NIFTY TOTAL MARKET,godrej agrovet
JISLJALEQS,JISLJALEQSEQN,Jain Irrigation Systems Limited,INE175A01038,NIFTY TOTAL MARKET,jain irrigation systems
ORIENTCEM,ORIENTCEMEQN,Orient Cement Limited,INE876N01018,NIFTY TOTAL MARKET,orient cement
NFL,NFLEQN,National Fertilizers Limited,INE870D01012,NIFTY TOTAL MARKET,national fertilizers
IFCI,IFCIEQN,IFCI Limited,INE039A07751,NIFTY TOTAL MARKET,ifci
TEAMLEASE,TEAMLEASEEQN,Teamlease Services Limited,INE985S01024,NIFTY TOTAL MARKET,teamlease services
REDTAPE,REDTAPEEQN,Redtape Limited,INE0LXT01019,NIFTY TOTAL MARKET,redtape
DISHTV,DISHTVEQN,Dish TV India Limited,IN9836F01016,NIFTY TOTAL MARKET,dish tv india
HINDOILEXP,HINDOILEXPEQN,Hindustan Oil Exploration Company Limited,INE345A01011,NIFTY TOTAL MARKET,hindustan oil exploration
AZAD,AZADEQN,Azad Engineering Limited,INE02IJ01035,NIFTY TOTAL MARKET,azad engineering
NAZARA,NAZARAEQN,Nazara Technologies Limited,INE418L01021,NIFTY TOTAL MARKET,nazara technologies
INDOCO,INDOCOEQN,Indoco Remedies Limited,INE873D01024,NIFTY TOTAL MARKET,indoco remedies
CARTRADE,CARTRADEEQN,Cartrade Tech Limited,INE290S01011,NIFTY TOTAL MARKET,cartrade tech
THOMASCOOK,THOMASCOOKEQN,Thomas Cook  (India)  Limited,INE332A04013,NIFTY TOTAL MARKET,thomas cook india
PARAS,PARASBEN,Paras Defence and Space Technologies Limited,INE045601015,NIFTY TOTAL MARKET,paras defence and space technologies
ARVINDFASN,ARVINDFASNEQN,Arvind Fashions Limited,INE955V01021,NIFTY TOTAL MARKET,arvind fashions
HERITGFOOD,HERITGFOODEQN,Heritage Foods Limited,INE978A01027,NIFTY TOTAL MARKET,heritage foods
TI,TIEQN,Tilaknagar Industries Limited,INE133E01013,NIFTY TOTAL MARKET,tilaknagar industries
GHCL,GHCLEQN,GHCL Limited,INE539A01019,NIFTY TOTAL MARKET,ghcl
PDSL,PDSLEQN,PDS Limited,INE111Q01021,NIFTY TOTAL MARKET,pds
RATEGAIN,RATEGAINEQN,Rategain Travel Technologies Limited,INE0CLI01024,NIFTY TOTAL MARKET,rategain travel technologies
GULFOILLUB,GULFOILLUBEQN,Gulf Oil Lubricants India Limited,INE635Q01029,NIFTY TOTAL MARKET,gulf oil lubricants india
JCHAC,JCHACEQN,Johnson Controls - Hitachi Air Conditioning India Limited,INE782A01015,NIFTY TOTAL MARKET,johnson controls hitachi air conditioning india
UFLEX,UFLEXEQN,UFLEX Limited,INE516A01017,NIFTY TOTAL MARKET,uflex
DBL,DBLEQN,Dilip Buildcon Limited,INE917M01012,NIFTY TOTAL MARKET,dilip buildcon
SHAREINDIA,SHAREINDIAEQN,Share India Securities Limited,INE932X13013,NIFTY TOTAL MARKET,share india securities
ZENTEC,ZENTECEQN,Zen Technologies Limited,INE251B01027,NIFTY TOTAL MARKET,zen technologies
RAMKY,RAMKYEQN,Ramky Infrastructure Limited,INE874I01013,NIFTY TOTAL MARKET,ramky infrastructure
GRWRHITECH,GRWRHITECHEQN,Garware Hi-Tech Films Limited,INE291A01017,NIFTY TOTAL MARKET,garware hitech films
SCI,SCIEQN,Shipping Corporation Of India Limited,INE109A01011,NIFTY TOTAL MARKET,shipping corporation of india
DATAMATICS,DATAMATICSEQN,Datamatics Global Services Limited,INE365B01017,NIFTY TOTAL MARKET,datamatics global services
JAMNAAUTO,JAMNAAUTOEQN,Jamna Auto Industries Limited,INE039C01032,NIFTY TOTAL MARKET,jamna auto industries
EMBDL,EMBDLEQN,Equinox India Developments Limited,INE069I01010,NIFTY TOTAL MARKET,equinox india developments
DCAL,DCALEQN,Dishman Carbogen Amcis Limited,INE385W01011,NIFTY TOTAL MARKET,dishman carbogen amcis
ITDCEM,ITDCEMEQN,ITD Cementation India Limited,INE686A01026,NIFTY TOTAL MARKET,itd cementation india
ELECTCAST,ELECTCASTEQN,Electrosteel Castings Limited,INE086A01029,NIFTY TOTAL MARKET,electrosteel castings
POLYPLEX,POLYPLEXEQN,Polyplex Corporation Limited,INE633B01018,NIFTY TOTAL MARKET,polyplex corporation
EVEREADY,EVEREADYEQN,Eveready Industries India Limited,INE128A01029,NIFTY TOTAL MARKET,eveready industries india
LTFOODS,LTFOODSEQN,LT Foods Limited,INE818H01020,NIFTY TOTAL MARKET,lt foods
POWERMECH,POWERMECHEQN,Power Mech Projects Limited,INE211R01019,NIFTY TOTAL MARKET,power mech projects
HCC,HCCEQN,Hindustan Construction Company Limited,INE549A01026,NIFTY TOTAL MARKET,hindustan construction
EDELWEISS,EDELWEISSEQN,Edelweiss Financial Services Limited,INE532F01054,NIFTY TOTAL MARKET,edelweiss financial services
SUDARSCHEM,SUDARSCHEMEQN,Sudarshan Chemical Industries Limited,INE659A01023,NIFTY TOTAL MARKET,sudarshan chemical industries
DHANUKA,DHANUKAEQN,Dhanuka Agritech Limited,INE435G01025,NIFTY TOTAL MARKET,dhanuka agritech
AVALON,AVALONEQN,Avalon Technologies Limited,INE0LCL01028,NIFTY TOTAL MARKET,avalon technologies
VENKEYS,VENKEYSEQN,Venky's (India) Limited,INE398A01010,NIFTY TOTAL MARKET,venkys india
TIMETECHNO,TIMETECHNOEQN,Time Technoplast Limited,INE508G01029,NIFTY TOTAL MARKET,time technoplast
GABRIEL,GABRIELEQN,Gabriel India Limited,INE524A01029,NIFTY TOTAL MARKET,gabriel india
LUXIND,LUXINDEQN,Lux Industries Limited,INE150G01020,NIFTY TOTAL MARKET,lux industries
WELENT,WELENTEQN,Welspun Enterprises Limited,INE625G01013,NIFTY TOTAL MARKET,welspun enterprises
BEPL,BEPLEQN,Bhansali Engineering Polymers Limited,INE922A01025,NIFTY TOTAL MARKET,bhansali engineering polymers
WOCKPHARMA,WOCKPHARMABEN,Wockhardt Limited,INE049B01025,NIFTY TOTAL MARKET,wockhardt
GRAVITA,GRAVITAEQN,Gravita India Limited,INE024L01027,NIFTY TOTAL MARKET,gravita india
IIFLSEC,IIFLSECEQN,IIFL Securities Limited,INE489L01022,NIFTY TOTAL MARKET,iifl securities
BAJFINANCE,BAJFINANCEEQN,Bajaj Finance Limited,INE296A13011,NIFTY FINANCIAL SERVICES,bajaj finance
SHRIRAMFIN,SHRIRAMFINEQN,Shriram Finance Limited,INE721A07OD5,NIFTY FINANCIAL SERVICES,shriram finance
CHOLAFIN,CHOLAFINEQN,Cholamandalam Investment and Finance Company Limited,INE121A01024,NIFTY FINANCIAL SERVICES,cholamandalam investment and finance
IDFC,IDFCEQN,IDFC Limited,INE043D07435,NIFTY FINANCIAL SERVICES,idfc
PSB,PSBEQN,Punjab & Sind Bank,INE608A01012,NIFTY PSU BANK,punjab sind bank
HINDALCO,HINDALCOEQN,Hindalco Industries Limited,IN9038A01028,NIFTY COMMODITIES,hindalco industries
SUNPHARMA,SUNPHARMAEQN,Sun Pharmaceutical Industries Limited,INE044A01036,NIFTY100 ESG,sun pharmaceutical industries
IRFC,IRFCEQN,Indian Railway Finance Corporation Limited,INE053F07678,NIFTY100 ESG,indian railway finance corporation
COROMANDEL,COROMANDELEQN,Coromandel International Limited,INE169A08010,NIFTY500 MULTICAP INDIA MANUFACTURING 50:30:20,coromandel international
